Club_ID,Degree,Degree Type
79,4,In-Degree
2,6,In-Degree
156,9,In-Degree
38,8,In-Degree
383,7,In-Degree
10,5,In-Degree
24,9,In-Degree
52,6,In-Degree
504,1,In-Degree
449,2,In-Degree
132,1,In-Degree
438,2,In-Degree
3,8,In-Degree
220,5,In-Degree
72,9,In-Degree
92,6,In-Degree
15,8,In-Degree
172,2,In-Degree
321,4,In-Degree
86,4,In-Degree
21,3,In-Degree
30,3,In-Degree
210,4,In-Degree
216,1,In-Degree
6600,2,In-Degree
648,4,In-Degree
5120,1,In-Degree
1755,3,In-Degree
679,4,In-Degree
485,2,In-Degree
48,7,In-Degree
828,2,In-Degree
610,8,In-Degree
501,1,In-Degree
195,5,In-Degree
63,8,In-Degree
537,1,In-Degree
322,2,In-Degree
50,4,In-Degree
95,5,In-Degree
238,1,In-Degree
88,2,In-Degree
39,5,In-Degree
101,8,In-Degree
71,2,In-Degree
25,9,In-Degree
8179,2,In-Degree
27,4,In-Degree
272,1,In-Degree
1462,1,In-Degree
621,5,In-Degree
12,8,In-Degree
46,10,In-Degree
244,7,In-Degree
494,2,In-Degree
102,4,In-Degree
66,6,In-Degree
42,7,In-Degree
193,1,In-Degree
34,1,In-Degree
136,3,In-Degree
631,5,In-Degree
148,6,In-Degree
213,1,In-Degree
1463,2,In-Degree
279,1,In-Degree
21061,1,In-Degree
69,6,In-Degree
41,16,In-Degree
166,7,In-Degree
2582,3,In-Degree
9962,6,In-Degree
173,4,In-Degree
678,3,In-Degree
85,12,In-Degree
399,6,In-Degree
2509,1,In-Degree
44,10,In-Degree
649,3,In-Degree
170,4,In-Degree
273,5,In-Degree
703,7,In-Degree
684,1,In-Degree
389,7,In-Degree
371,7,In-Degree
16,3,In-Degree
200,2,In-Degree
428,4,In-Degree
82,5,In-Degree
60,9,In-Degree
211,4,In-Degree
111,4,In-Degree
4,8,In-Degree
1557,2,In-Degree
555,8,In-Degree
35,6,In-Degree
93,7,In-Degree
65,7,In-Degree
4780,1,In-Degree
108,8,In-Degree
490,5,In-Degree
437,1,In-Degree
305,4,In-Degree
11,7,In-Degree
3515,2,In-Degree
850,1,In-Degree
18,3,In-Degree
356,3,In-Degree
350,11,In-Degree
349,6,In-Degree
672,2,In-Degree
13,8,In-Degree
338,2,In-Degree
184,2,In-Degree
87,3,In-Degree
265,3,In-Degree
698,6,In-Degree
497,6,In-Degree
78,6,In-Degree
80,3,In-Degree
33,5,In-Degree
290,3,In-Degree
4688,1,In-Degree
21080,1,In-Degree
97,4,In-Degree
681,2,In-Degree
849,7,In-Degree
303,6,In-Degree
370,4,In-Degree
29,7,In-Degree
362,2,In-Degree
266,6,In-Degree
491,7,In-Degree
336,3,In-Degree
6565,1,In-Degree
61,2,In-Degree
2973,4,In-Degree
917,5,In-Degree
36,1,In-Degree
120,3,In-Degree
301,1,In-Degree
2497,1,In-Degree
1050,3,In-Degree
38969,6,In-Degree
57,4,In-Degree
237,3,In-Degree
21057,1,In-Degree
2364,5,In-Degree
2444,7,In-Degree
247,9,In-Degree
495,2,In-Degree
2663,1,In-Degree
89,4,In-Degree
90,8,In-Degree
271,6,In-Degree
524,4,In-Degree
167,2,In-Degree
23666,1,In-Degree
747,3,In-Degree
345,4,In-Degree
33711,1,In-Degree
5,11,In-Degree
452,2,In-Degree
2362,2,In-Degree
456,2,In-Degree
28,7,In-Degree
409,4,In-Degree
750,5,In-Degree
458,1,In-Degree
21258,1,In-Degree
391,2,In-Degree
7097,1,In-Degree
868,1,In-Degree
98428,4,In-Degree
354,1,In-Degree
204,2,In-Degree
1,5,In-Degree
767,1,In-Degree
56,7,In-Degree
1184,3,In-Degree
58,4,In-Degree
676,8,In-Degree
192,1,In-Degree
8,5,In-Degree
413,3,In-Degree
5295,1,In-Degree
459,5,In-Degree
22878,1,In-Degree
585,3,In-Degree
99,7,In-Degree
625,2,In-Degree
1214,2,In-Degree
68,2,In-Degree
112,1,In-Degree
106,5,In-Degree
91,8,In-Degree
12999,2,In-Degree
256,1,In-Degree
26,5,In-Degree
596,1,In-Degree
5107,2,In-Degree
527,3,In-Degree
528,3,In-Degree
2371,3,In-Degree
21084,1,In-Degree
5372,3,In-Degree
2024,4,In-Degree
337,9,In-Degree
4242,1,In-Degree
17,3,In-Degree
571,6,In-Degree
582,3,In-Degree
1770,1,In-Degree
206,2,In-Degree
40076,1,In-Degree
73,6,In-Degree
6981,1,In-Degree
83,3,In-Degree
545,3,In-Degree
448,3,In-Degree
208,14,In-Degree
6760,2,In-Degree
113,7,In-Degree
217,4,In-Degree
1881,3,In-Degree
20844,2,In-Degree
4294,1,In-Degree
293,4,In-Degree
766,2,In-Degree
1240,3,In-Degree
330,1,In-Degree
7795,1,In-Degree
419,5,In-Degree
2409,1,In-Degree
402,3,In-Degree
778,2,In-Degree
2266,2,In-Degree
442,5,In-Degree
104,3,In-Degree
20114,2,In-Degree
299,3,In-Degree
400,2,In-Degree
110,7,In-Degree
103,4,In-Degree
315,5,In-Degree
5077,1,In-Degree
553,5,In-Degree
512,9,In-Degree
29203,1,In-Degree
51,3,In-Degree
94,3,In-Degree
215,9,In-Degree
2681,6,In-Degree
21058,2,In-Degree
42288,1,In-Degree
605,9,In-Degree
19,2,In-Degree
129,5,In-Degree
2517,1,In-Degree
21049,1,In-Degree
243,10,In-Degree
699,1,In-Degree
5608,2,In-Degree
45,5,In-Degree
785,2,In-Degree
761,7,In-Degree
139,7,In-Degree
81,4,In-Degree
2745,2,In-Degree
1450,1,In-Degree
897,7,In-Degree
978,1,In-Degree
1023,2,In-Degree
14,1,In-Degree
1179,1,In-Degree
574,4,In-Degree
880,1,In-Degree
1459,5,In-Degree
1555,2,In-Degree
122,3,In-Degree
1405,1,In-Degree
1345,2,In-Degree
245,2,In-Degree
21410,1,In-Degree
8489,1,In-Degree
107,4,In-Degree
177,3,In-Degree
727,1,In-Degree
384,3,In-Degree
2537,1,In-Degree
36165,1,In-Degree
5612,14,In-Degree
269,3,In-Degree
23,6,In-Degree
955,3,In-Degree
187,8,In-Degree
21079,1,In-Degree
4121,2,In-Degree
478,4,In-Degree
8663,1,In-Degree
20,3,In-Degree
7647,1,In-Degree
105,1,In-Degree
1363,2,In-Degree
343,2,In-Degree
4308,4,In-Degree
1507,1,In-Degree
3840,1,In-Degree
1315,1,In-Degree
1483,4,In-Degree
2744,2,In-Degree
3592,3,In-Degree
1619,1,In-Degree
893,1,In-Degree
222,3,In-Degree
366,4,In-Degree
150,5,In-Degree
21087,1,In-Degree
446,2,In-Degree
2228,1,In-Degree
236,1,In-Degree
331,1,In-Degree
234,7,In-Degree
503,7,In-Degree
6456,1,In-Degree
2041,1,In-Degree
4369,1,In-Degree
937,2,In-Degree
5501,1,In-Degree
5502,1,In-Degree
2790,5,In-Degree
327,2,In-Degree
43,4,In-Degree
1100,1,In-Degree
307,3,In-Degree
2510,1,In-Degree
316,4,In-Degree
5378,2,In-Degree
2662,11,In-Degree
4457,5,In-Degree
2441,7,In-Degree
4396,3,In-Degree
935,2,In-Degree
3057,4,In-Degree
368,7,In-Degree
417,4,In-Degree
720,4,In-Degree
398,5,In-Degree
355,7,In-Degree
623,1,In-Degree
5085,1,In-Degree
130,6,In-Degree
3641,1,In-Degree
190,4,In-Degree
124,8,In-Degree
989,2,In-Degree
677,4,In-Degree
988,5,In-Degree
131,5,In-Degree
141,2,In-Degree
1010,5,In-Degree
289,7,In-Degree
164,6,In-Degree
762,16,In-Degree
3512,2,In-Degree
1162,1,In-Degree
162,4,In-Degree
2503,2,In-Degree
40,5,In-Degree
726,4,In-Degree
8584,1,In-Degree
1042,4,In-Degree
31,6,In-Degree
380,2,In-Degree
1064,1,In-Degree
379,6,In-Degree
2454,3,In-Degree
1027,4,In-Degree
641,8,In-Degree
1039,6,In-Degree
947,1,In-Degree
1090,5,In-Degree
801,2,In-Degree
1035,11,In-Degree
1031,3,In-Degree
985,3,In-Degree
466,5,In-Degree
1003,6,In-Degree
873,9,In-Degree
3820,4,In-Degree
281,10,In-Degree
1284,1,In-Degree
8512,2,In-Degree
30350,1,In-Degree
990,5,In-Degree
142,6,In-Degree
404,1,In-Degree
306,2,In-Degree
288,1,In-Degree
189,7,In-Degree
294,6,In-Degree
826,1,In-Degree
1020,3,In-Degree
22,4,In-Degree
813,3,In-Degree
180,5,In-Degree
1061,1,In-Degree
432,6,In-Degree
114309,4,In-Degree
1006,1,In-Degree
2464,1,In-Degree
583,6,In-Degree
1038,3,In-Degree
1408,2,In-Degree
239,1,In-Degree
506,7,In-Degree
667,3,In-Degree
683,7,In-Degree
24218,1,In-Degree
12765,1,In-Degree
3391,7,In-Degree
984,6,In-Degree
543,7,In-Degree
1123,3,In-Degree
1098,6,In-Degree
1102,1,In-Degree
4389,1,In-Degree
931,16,In-Degree
1043,6,In-Degree
660,4,In-Degree
358,5,In-Degree
18945,1,In-Degree
3899,3,In-Degree
2670,4,In-Degree
4007,1,In-Degree
151,1,In-Degree
938,2,In-Degree
352,5,In-Degree
8036,1,In-Degree
1252,1,In-Degree
1088,5,In-Degree
9802,1,In-Degree
829,1,In-Degree
16042,1,In-Degree
4362,6,In-Degree
3457,2,In-Degree
1519,3,In-Degree
499,2,In-Degree
3684,4,In-Degree
2455,3,In-Degree
1220,3,In-Degree
1219,5,In-Degree
986,6,In-Degree
1025,2,In-Degree
995,2,In-Degree
1231,2,In-Degree
3135,1,In-Degree
738,3,In-Degree
2578,5,In-Degree
1074,6,In-Degree
2804,2,In-Degree
1032,9,In-Degree
430,3,In-Degree
6578,1,In-Degree
2925,1,In-Degree
4575,1,In-Degree
317,2,In-Degree
3069,1,In-Degree
3544,2,In-Degree
642,4,In-Degree
614,5,In-Degree
202,3,In-Degree
924,2,In-Degree
1175,1,In-Degree
2855,1,In-Degree
133,2,In-Degree
669,2,In-Degree
1181,5,In-Degree
1111,3,In-Degree
2810,1,In-Degree
127,4,In-Degree
1282,1,In-Degree
4043,6,In-Degree
1280,2,In-Degree
2784,3,In-Degree
1225,4,In-Degree
1274,1,In-Degree
2395,1,In-Degree
53,2,In-Degree
2074,1,In-Degree
2056,2,In-Degree
1288,1,In-Degree
242,2,In-Degree
260,1,In-Degree
8346,4,In-Degree
155,9,In-Degree
144,1,In-Degree
1594,1,In-Degree
66883,1,In-Degree
344,1,In-Degree
1538,1,In-Degree
1273,1,In-Degree
1427,2,In-Degree
2943,3,In-Degree
662,6,In-Degree
3676,1,In-Degree
19145,1,In-Degree
704,1,In-Degree
1397,2,In-Degree
595,2,In-Degree
2580,3,In-Degree
1041,1,In-Degree
969,4,In-Degree
895,1,In-Degree
618,2,In-Degree
1154,2,In-Degree
7817,2,In-Degree
12748,1,In-Degree
8524,1,In-Degree
1444,2,In-Degree
1070,1,In-Degree
3369,1,In-Degree
1286,1,In-Degree
855,2,In-Degree
1159,1,In-Degree
6045,2,In-Degree
3521,1,In-Degree
2618,1,In-Degree
3558,2,In-Degree
10838,1,In-Degree
30293,3,In-Degree
3546,1,In-Degree
749,1,In-Degree
332,1,In-Degree
866,2,In-Degree
862,1,In-Degree
2921,1,In-Degree
636,2,In-Degree
410,2,In-Degree
209,2,In-Degree
5621,2,In-Degree
2919,1,In-Degree
5514,1,In-Degree
4040,1,In-Degree
820,2,In-Degree
6195,1,In-Degree
52687,1,In-Degree
447,2,In-Degree
420,2,In-Degree
1613,1,In-Degree
2432,2,In-Degree
3268,2,In-Degree
6141,2,In-Degree
1091,4,In-Degree
675,10,In-Degree
9599,9,In-Degree
3962,2,In-Degree
403,1,In-Degree
4429,2,In-Degree
2235,7,In-Degree
440,2,In-Degree
7033,1,In-Degree
1461,1,In-Degree
16521,1,In-Degree
7753,1,In-Degree
1353,2,In-Degree
713,1,In-Degree
18662,1,In-Degree
912,1,In-Degree
98,1,In-Degree
275,5,In-Degree
979,3,In-Degree
687,2,In-Degree
64,3,In-Degree
532,2,In-Degree
500,1,In-Degree
17775,1,In-Degree
328,3,In-Degree
940,6,In-Degree
23436,1,In-Degree
2275,2,In-Degree
197,1,In-Degree
1011,1,In-Degree
114,2,In-Degree
2318,2,In-Degree
152,2,In-Degree
24284,1,In-Degree
11933,3,In-Degree
6632,4,In-Degree
199,1,In-Degree
3912,2,In-Degree
1506,3,In-Degree
5743,2,In-Degree
712,6,In-Degree
833,3,In-Degree
13648,1,In-Degree
5745,2,In-Degree
4503,5,In-Degree
3216,2,In-Degree
7775,1,In-Degree
10247,1,In-Degree
418,6,In-Degree
1388,1,In-Degree
2808,1,In-Degree
1049,11,In-Degree
1234,2,In-Degree
472,8,In-Degree
714,4,In-Degree
1532,3,In-Degree
3368,2,In-Degree
221,5,In-Degree
6182,2,In-Degree
8678,1,In-Degree
38011,5,In-Degree
2929,2,In-Degree
630,2,In-Degree
811,2,In-Degree
2448,3,In-Degree
7971,2,In-Degree
3679,3,In-Degree
367,3,In-Degree
1084,2,In-Degree
14806,1,In-Degree
60101,2,In-Degree
18544,1,In-Degree
3958,2,In-Degree
4451,5,In-Degree
12214,4,In-Degree
1053,2,In-Degree
1151,3,In-Degree
2470,1,In-Degree
4700,2,In-Degree
1168,1,In-Degree
138,3,In-Degree
580,1,In-Degree
547,1,In-Degree
546,2,In-Degree
4714,1,In-Degree
2375,1,In-Degree
1206,7,In-Degree
115,2,In-Degree
617,1,In-Degree
29988,11,In-Degree
1393,1,In-Degree
26563,2,In-Degree
10965,1,In-Degree
109,4,In-Degree
1458,1,In-Degree
831,1,In-Degree
11110,1,In-Degree
40181,3,In-Degree
1378,4,In-Degree
790,2,In-Degree
2456,3,In-Degree
526,8,In-Degree
900,1,In-Degree
597,2,In-Degree
1473,5,In-Degree
2276,4,In-Degree
143,1,In-Degree
2085,1,In-Degree
994,4,In-Degree
7027,1,In-Degree
2932,1,In-Degree
996,8,In-Degree
2230,2,In-Degree
475,1,In-Degree
695,1,In-Degree
6071,2,In-Degree
2162,3,In-Degree
1526,1,In-Degree
1917,1,In-Degree
668,2,In-Degree
822,5,In-Degree
21067,2,In-Degree
96,9,In-Degree
385,2,In-Degree
1140,1,In-Degree
564,1,In-Degree
1054,1,In-Degree
1241,1,In-Degree
511,2,In-Degree
13945,1,In-Degree
718,2,In-Degree
1433,3,In-Degree
5545,1,In-Degree
4531,1,In-Degree
1186,1,In-Degree
932,1,In-Degree
128,5,In-Degree
4592,3,In-Degree
2726,8,In-Degree
3828,3,In-Degree
2282,3,In-Degree
2421,1,In-Degree
47,6,In-Degree
405,2,In-Degree
76,1,In-Degree
40828,1,In-Degree
724,2,In-Degree
467,1,In-Degree
10479,1,In-Degree
1148,7,In-Degree
2413,6,In-Degree
12629,1,In-Degree
2414,1,In-Degree
1909,2,In-Degree
19215,5,In-Degree
803,2,In-Degree
802,2,In-Degree
981,1,In-Degree
2674,1,In-Degree
4658,1,In-Degree
23772,1,In-Degree
1451,1,In-Degree
32004,1,In-Degree
1464,1,In-Degree
2442,2,In-Degree
392,1,In-Degree
225,2,In-Degree
298,2,In-Degree
5699,2,In-Degree
6196,1,In-Degree
21074,1,In-Degree
3920,1,In-Degree
46869,1,In-Degree
2613,1,In-Degree
3925,1,In-Degree
565,3,In-Degree
489,2,In-Degree
2814,5,In-Degree
5075,1,In-Degree
551,2,In-Degree
1476,1,In-Degree
1523,2,In-Degree
541,5,In-Degree
461,1,In-Degree
1132,5,In-Degree
1767,1,In-Degree
67,2,In-Degree
435,1,In-Degree
4672,1,In-Degree
4788,1,In-Degree
1554,2,In-Degree
1078,5,In-Degree
19947,1,In-Degree
2147,2,In-Degree
4863,1,In-Degree
2666,1,In-Degree
5151,1,In-Degree
2240,2,In-Degree
1400,1,In-Degree
688,4,In-Degree
2541,1,In-Degree
267,1,In-Degree
1712,2,In-Degree
1331,1,In-Degree
1028,12,In-Degree
2795,2,In-Degree
903,3,In-Degree
602,1,In-Degree
2553,3,In-Degree
701,1,In-Degree
3008,2,In-Degree
1198,4,In-Degree
1270,1,In-Degree
1071,8,In-Degree
1089,4,In-Degree
2451,3,In-Degree
860,2,In-Degree
2079,5,In-Degree
3392,1,In-Degree
1118,1,In-Degree
353,1,In-Degree
3083,2,In-Degree
3126,1,In-Degree
12680,1,In-Degree
5267,2,In-Degree
2995,5,In-Degree
10140,2,In-Degree
2428,3,In-Degree
2424,3,In-Degree
3326,3,In-Degree
3345,2,In-Degree
2420,3,In-Degree
4789,1,In-Degree
3271,4,In-Degree
9,11,In-Degree
8793,1,In-Degree
10857,1,In-Degree
68608,6,In-Degree
59,8,In-Degree
2521,1,In-Degree
3329,4,In-Degree
1080,1,In-Degree
21971,1,In-Degree
1110,4,In-Degree
5784,3,In-Degree
8494,2,In-Degree
42081,1,In-Degree
2861,1,In-Degree
1211,7,In-Degree
3064,2,In-Degree
1150,4,In-Degree
4589,10,In-Degree
3054,5,In-Degree
1194,5,In-Degree
1045,5,In-Degree
4674,1,In-Degree
18754,1,In-Degree
6933,1,In-Degree
899,4,In-Degree
2725,1,In-Degree
2999,1,In-Degree
2288,5,In-Degree
1302,6,In-Degree
3053,2,In-Degree
2063,1,In-Degree
1085,1,In-Degree
309,1,In-Degree
1386,1,In-Degree
2431,1,In-Degree
3348,2,In-Degree
1073,2,In-Degree
35851,1,In-Degree
3230,1,In-Degree
1034,4,In-Degree
3520,1,In-Degree
7788,2,In-Degree
982,4,In-Degree
3269,1,In-Degree
2425,1,In-Degree
1301,3,In-Degree
10373,1,In-Degree
8780,6,In-Degree
1465,2,In-Degree
1536,1,In-Degree
976,3,In-Degree
3264,3,In-Degree
19124,1,In-Degree
10010,2,In-Degree
2459,4,In-Degree
3351,2,In-Degree
1701,5,In-Degree
235,1,In-Degree
95875,1,In-Degree
3413,1,In-Degree
2539,1,In-Degree
6418,6,In-Degree
1192,6,In-Degree
1158,2,In-Degree
3034,1,In-Degree
1756,2,In-Degree
1165,1,In-Degree
232,1,In-Degree
3609,1,In-Degree
312,1,In-Degree
964,3,In-Degree
455,2,In-Degree
4482,2,In-Degree
4501,2,In-Degree
369,1,In-Degree
4721,1,In-Degree
2259,8,In-Degree
10389,1,In-Degree
339,3,In-Degree
2410,4,In-Degree
2844,3,In-Degree
422,2,In-Degree
5689,1,In-Degree
17381,1,In-Degree
255,3,In-Degree
7177,2,In-Degree
1164,4,In-Degree
6621,1,In-Degree
760,6,In-Degree
26565,6,In-Degree
89043,1,In-Degree
538,1,In-Degree
3426,2,In-Degree
3578,2,In-Degree
1236,1,In-Degree
4603,5,In-Degree
441,2,In-Degree
6368,1,In-Degree
82456,1,In-Degree
1083,1,In-Degree
2374,3,In-Degree
11150,1,In-Degree
910,4,In-Degree
3714,3,In-Degree
540,1,In-Degree
16381,1,In-Degree
3161,2,In-Degree
7723,1,In-Degree
1237,2,In-Degree
3943,1,In-Degree
653,6,In-Degree
2675,4,In-Degree
42700,1,In-Degree
5219,2,In-Degree
3062,5,In-Degree
8699,3,In-Degree
5540,1,In-Degree
6677,4,In-Degree
6227,1,In-Degree
7437,2,In-Degree
3308,6,In-Degree
1837,8,In-Degree
776,2,In-Degree
463,3,In-Degree
1218,3,In-Degree
13286,1,In-Degree
10438,1,In-Degree
619,2,In-Degree
8568,2,In-Degree
23664,1,In-Degree
176,4,In-Degree
9055,3,In-Degree
32091,1,In-Degree
414,4,In-Degree
2231,3,In-Degree
7055,1,In-Degree
8816,1,In-Degree
3993,1,In-Degree
769,4,In-Degree
4810,1,In-Degree
1266,4,In-Degree
4777,1,In-Degree
1435,1,In-Degree
4793,1,In-Degree
4129,1,In-Degree
1139,2,In-Degree
8186,1,In-Degree
2125,2,In-Degree
18950,1,In-Degree
4781,2,In-Degree
310,1,In-Degree
5125,1,In-Degree
3711,1,In-Degree
4969,1,In-Degree
951,2,In-Degree
5023,1,In-Degree
1920,2,In-Degree
2643,1,In-Degree
1774,2,In-Degree
10207,3,In-Degree
22516,2,In-Degree
4787,3,In-Degree
2568,1,In-Degree
2285,2,In-Degree
5706,1,In-Degree
3327,3,In-Degree
5707,1,In-Degree
22932,1,In-Degree
609,3,In-Degree
3551,7,In-Degree
118742,2,In-Degree
3990,1,In-Degree
4608,3,In-Degree
1269,1,In-Degree
169,4,In-Degree
347,1,In-Degree
1227,2,In-Degree
2346,1,In-Degree
777,1,In-Degree
2209,1,In-Degree
1558,1,In-Degree
163,2,In-Degree
2997,1,In-Degree
3719,2,In-Degree
1277,1,In-Degree
476,2,In-Degree
1292,1,In-Degree
1421,1,In-Degree
1416,2,In-Degree
7649,1,In-Degree
560,1,In-Degree
3396,7,In-Degree
3336,3,In-Degree
168,3,In-Degree
5720,1,In-Degree
2805,1,In-Degree
1191,1,In-Degree
751,1,In-Degree
253,2,In-Degree
4085,2,In-Degree
3824,3,In-Degree
1564,1,In-Degree
18673,1,In-Degree
17842,1,In-Degree
5906,1,In-Degree
1177,2,In-Degree
4448,5,In-Degree
2423,3,In-Degree
6910,2,In-Degree
2434,2,In-Degree
4297,4,In-Degree
4915,1,In-Degree
1033,2,In-Degree
5858,3,In-Degree
1470,1,In-Degree
1660,1,In-Degree
7074,1,In-Degree
444,1,In-Degree
1894,1,In-Degree
16787,2,In-Degree
16786,1,In-Degree
19684,3,In-Degree
3239,1,In-Degree
5778,2,In-Degree
21898,2,In-Degree
445,3,In-Degree
7211,3,In-Degree
5648,2,In-Degree
5790,1,In-Degree
4750,1,In-Degree
3621,1,In-Degree
972,3,In-Degree
1798,1,In-Degree
7714,4,In-Degree
3052,1,In-Degree
7042,2,In-Degree
1161,1,In-Degree
1095,1,In-Degree
48824,1,In-Degree
6333,2,In-Degree
28595,2,In-Degree
2783,3,In-Degree
1058,1,In-Degree
7856,1,In-Degree
521,4,In-Degree
3325,1,In-Degree
6144,1,In-Degree
2251,1,In-Degree
2252,1,In-Degree
3998,1,In-Degree
4001,3,In-Degree
1101,1,In-Degree
8468,1,In-Degree
6556,2,In-Degree
1017,1,In-Degree
30468,3,In-Degree
9211,1,In-Degree
15288,2,In-Degree
3613,3,In-Degree
6075,9,In-Degree
3265,4,In-Degree
2036,1,In-Degree
31555,1,In-Degree
9083,4,In-Degree
3385,2,In-Degree
7977,2,In-Degree
15268,3,In-Degree
6023,2,In-Degree
12988,2,In-Degree
1246,4,In-Degree
24248,2,In-Degree
4255,1,In-Degree
7118,2,In-Degree
4028,1,In-Degree
3267,3,In-Degree
1180,2,In-Degree
13499,1,In-Degree
4604,1,In-Degree
3243,2,In-Degree
3687,1,In-Degree
2737,3,In-Degree
2782,1,In-Degree
158,4,In-Degree
10483,3,In-Degree
4561,1,In-Degree
4507,3,In-Degree
3146,1,In-Degree
968,1,In-Degree
3650,1,In-Degree
632,1,In-Degree
2817,2,In-Degree
6100,1,In-Degree
46222,3,In-Degree
175,2,In-Degree
24296,1,In-Degree
5507,1,In-Degree
902,1,In-Degree
6405,3,In-Degree
34598,9,In-Degree
314,1,In-Degree
6500,5,In-Degree
311,2,In-Degree
716,1,In-Degree
2118,2,In-Degree
76821,1,In-Degree
11121,2,In-Degree
9138,1,In-Degree
3948,3,In-Degree
26093,1,In-Degree
2241,4,In-Degree
1022,3,In-Degree
3709,2,In-Degree
2262,3,In-Degree
23897,1,In-Degree
8101,1,In-Degree
1030,2,In-Degree
2573,2,In-Degree
4441,4,In-Degree
282,2,In-Degree
37,1,In-Degree
922,1,In-Degree
4590,1,In-Degree
26273,1,In-Degree
6985,1,In-Degree
92247,1,In-Degree
7968,2,In-Degree
1108,1,In-Degree
10283,1,In-Degree
1423,1,In-Degree
2257,1,In-Degree
5679,2,In-Degree
8685,1,In-Degree
84,1,In-Degree
416,3,In-Degree
62,2,In-Degree
49440,2,In-Degree
4628,1,In-Degree
15021,1,In-Degree
27036,1,In-Degree
607,1,In-Degree
9510,1,In-Degree
6354,2,In-Degree
9104,2,In-Degree
12479,1,In-Degree
759,1,In-Degree
4602,4,In-Degree
35459,1,In-Degree
4666,1,In-Degree
11847,2,In-Degree
55601,1,In-Degree
6150,1,In-Degree
4610,2,In-Degree
1478,1,In-Degree
7146,1,In-Degree
16082,1,In-Degree
2146,2,In-Degree
14546,1,In-Degree
42838,1,In-Degree
4319,2,In-Degree
4840,2,In-Degree
26544,1,In-Degree
39447,1,In-Degree
21476,1,In-Degree
7673,1,In-Degree
1087,4,In-Degree
26535,3,In-Degree
6110,1,In-Degree
1693,2,In-Degree
548,1,In-Degree
2446,2,In-Degree
304,2,In-Degree
30252,1,In-Degree
2296,1,In-Degree
2793,6,In-Degree
28060,1,In-Degree
4895,1,In-Degree
23637,4,In-Degree
23956,1,In-Degree
23493,1,In-Degree
31197,1,In-Degree
961,1,In-Degree
8665,1,In-Degree
3536,4,In-Degree
32372,2,In-Degree
5453,1,In-Degree
7475,1,In-Degree
40412,5,In-Degree
2189,8,In-Degree
7088,1,In-Degree
8640,1,In-Degree
1305,2,In-Degree
3060,1,In-Degree
1146,1,In-Degree
4646,1,In-Degree
3818,1,In-Degree
4295,2,In-Degree
12048,2,In-Degree
73702,3,In-Degree
18382,1,In-Degree
20703,1,In-Degree
5027,1,In-Degree
8239,1,In-Degree
34167,1,In-Degree
3291,2,In-Degree
2750,2,In-Degree
30611,1,In-Degree
4191,2,In-Degree
1008,2,In-Degree
6076,2,In-Degree
4273,3,In-Degree
1189,7,In-Degree
3909,1,In-Degree
5380,1,In-Degree
2440,2,In-Degree
15972,2,In-Degree
10959,1,In-Degree
9636,3,In-Degree
4042,1,In-Degree
8207,1,In-Degree
6884,1,In-Degree
2827,1,In-Degree
2274,1,In-Degree
21955,4,In-Degree
2436,2,In-Degree
13347,1,In-Degree
2577,4,In-Degree
19003,1,In-Degree
36453,1,In-Degree
22602,1,In-Degree
7063,1,In-Degree
6049,2,In-Degree
10126,1,In-Degree
9655,1,In-Degree
6414,2,In-Degree
34523,1,In-Degree
2531,7,In-Degree
5968,2,In-Degree
36914,1,In-Degree
22539,1,In-Degree
2693,5,In-Degree
98319,6,In-Degree
2575,1,In-Degree
3023,1,In-Degree
871,1,In-Degree
1244,2,In-Degree
10301,1,In-Degree
10718,1,In-Degree
10618,1,In-Degree
2714,2,In-Degree
16893,1,In-Degree
2462,2,In-Degree
10604,2,In-Degree
415,1,In-Degree
3199,1,In-Degree
22815,1,In-Degree
9829,4,In-Degree
18140,1,In-Degree
2566,1,In-Degree
4420,1,In-Degree
9465,1,In-Degree
11149,1,In-Degree
24015,5,In-Degree
1072,5,In-Degree
9463,1,In-Degree
3301,2,In-Degree
3831,1,In-Degree
4282,1,In-Degree
13556,1,In-Degree
2962,2,In-Degree
36297,1,In-Degree
1183,5,In-Degree
2612,2,In-Degree
20333,2,In-Degree
2180,2,In-Degree
254,3,In-Degree
45631,1,In-Degree
8172,1,In-Degree
3876,1,In-Degree
4509,1,In-Degree
20203,1,In-Degree
7448,1,In-Degree
7879,2,In-Degree
291,1,In-Degree
17568,1,In-Degree
18077,1,In-Degree
11318,1,In-Degree
2472,2,In-Degree
2660,2,In-Degree
40173,1,In-Degree
119,2,In-Degree
21253,1,In-Degree
9287,1,In-Degree
31641,1,In-Degree
5226,1,In-Degree
20423,3,In-Degree
3593,3,In-Degree
6321,1,In-Degree
2477,2,In-Degree
786,1,In-Degree
21123,1,In-Degree
35823,6,In-Degree
26266,1,In-Degree
6411,7,In-Degree
2705,4,In-Degree
3533,1,In-Degree
6425,1,In-Degree
1287,1,In-Degree
2057,1,In-Degree
4773,1,In-Degree
11449,1,In-Degree
7454,4,In-Degree
1060,4,In-Degree
3455,1,In-Degree
3371,3,In-Degree
22461,2,In-Degree
5462,1,In-Degree
15976,4,In-Degree
34612,3,In-Degree
12017,3,In-Degree
18443,1,In-Degree
17686,1,In-Degree
1531,1,In-Degree
10480,2,In-Degree
3010,3,In-Degree
37311,1,In-Degree
1750,1,In-Degree
2801,1,In-Degree
8884,1,In-Degree
9597,3,In-Degree
12262,1,In-Degree
3260,3,In-Degree
3473,1,In-Degree
7446,1,In-Degree
12401,3,In-Degree
39072,1,In-Degree
9658,1,In-Degree
19321,3,In-Degree
12066,1,In-Degree
20846,1,In-Degree
33203,1,In-Degree
7452,1,In-Degree
2599,1,In-Degree
6482,3,In-Degree
3734,3,In-Degree
8457,3,In-Degree
593,2,In-Degree
18732,1,In-Degree
3793,2,In-Degree
4462,5,In-Degree
9144,1,In-Degree
4101,1,In-Degree
6848,1,In-Degree
2221,2,In-Degree
8056,1,In-Degree
3418,2,In-Degree
4383,1,In-Degree
20120,3,In-Degree
4719,1,In-Degree
25748,1,In-Degree
3261,1,In-Degree
8891,2,In-Degree
1622,1,In-Degree
29839,1,In-Degree
40395,1,In-Degree
32014,2,In-Degree
54462,3,In-Degree
30000,1,In-Degree
10482,2,In-Degree
12019,3,In-Degree
22994,2,In-Degree
19294,4,In-Degree
730,8,In-Degree
4258,1,In-Degree
8907,1,In-Degree
46771,1,In-Degree
3718,5,In-Degree
52068,1,In-Degree
3026,3,In-Degree
20122,1,In-Degree
936,3,In-Degree
12740,1,In-Degree
4432,2,In-Degree
4405,6,In-Degree
50282,1,In-Degree
20095,1,In-Degree
3197,1,In-Degree
6422,3,In-Degree
4855,1,In-Degree
3727,1,In-Degree
28598,1,In-Degree
33826,1,In-Degree
6204,1,In-Degree
29307,1,In-Degree
10044,3,In-Degree
907,3,In-Degree
987,1,In-Degree
6804,1,In-Degree
21946,1,In-Degree
21274,1,In-Degree
6614,1,In-Degree
12054,3,In-Degree
2703,1,In-Degree
9330,1,In-Degree
2911,1,In-Degree
25447,1,In-Degree
15827,1,In-Degree
1326,1,In-Degree
1193,1,In-Degree
7465,1,In-Degree
1076,7,In-Degree
1119,3,In-Degree
3031,1,In-Degree
5660,1,In-Degree
22546,1,In-Degree
2474,4,In-Degree
2835,1,In-Degree
26710,1,In-Degree
6168,1,In-Degree
23623,1,In-Degree
3176,1,In-Degree
1784,1,In-Degree
5013,1,In-Degree
12202,4,In-Degree
856,1,In-Degree
3554,2,In-Degree
37751,2,In-Degree
4284,1,In-Degree
851,2,In-Degree
22078,1,In-Degree
46311,2,In-Degree
646,3,In-Degree
19977,2,In-Degree
6709,1,In-Degree
40416,2,In-Degree
3834,1,In-Degree
3535,1,In-Degree
6502,5,In-Degree
87191,5,In-Degree
6079,7,In-Degree
34892,4,In-Degree
22450,5,In-Degree
29998,2,In-Degree
21040,1,In-Degree
9099,1,In-Degree
3905,1,In-Degree
24206,1,In-Degree
603,4,In-Degree
6066,5,In-Degree
4376,1,In-Degree
17207,2,In-Degree
3471,1,In-Degree
5180,1,In-Degree
1751,2,In-Degree
16931,5,In-Degree
28527,1,In-Degree
810,1,In-Degree
15831,1,In-Degree
2587,1,In-Degree
4443,1,In-Degree
1551,1,In-Degree
6450,2,In-Degree
22219,1,In-Degree
5146,1,In-Degree
1485,1,In-Degree
21465,2,In-Degree
3166,1,In-Degree
8384,2,In-Degree
8178,1,In-Degree
26312,4,In-Degree
6395,1,In-Degree
91437,2,In-Degree
1986,2,In-Degree
29422,1,In-Degree
21859,1,In-Degree
1522,3,In-Degree
838,3,In-Degree
1068,1,In-Degree
7484,1,In-Degree
22343,1,In-Degree
17989,1,In-Degree
18904,1,In-Degree
731,2,In-Degree
16916,2,In-Degree
6026,1,In-Degree
4529,1,In-Degree
8042,2,In-Degree
46383,1,In-Degree
49200,1,In-Degree
2740,4,In-Degree
27241,2,In-Degree
71623,3,In-Degree
798,1,In-Degree
11720,4,In-Degree
920,1,In-Degree
3767,1,In-Degree
2382,1,In-Degree
38493,1,In-Degree
3539,2,In-Degree
3722,1,In-Degree
9885,2,In-Degree
2671,6,In-Degree
30954,5,In-Degree
6567,1,In-Degree
19585,1,In-Degree
23829,1,In-Degree
7339,1,In-Degree
6233,1,In-Degree
3677,1,In-Degree
732,1,In-Degree
1739,1,In-Degree
496,1,In-Degree
4690,1,In-Degree
4724,2,In-Degree
4378,4,In-Degree
10840,1,In-Degree
5227,1,In-Degree
25869,1,In-Degree
26435,2,In-Degree
6152,1,In-Degree
7269,1,In-Degree
4806,1,In-Degree
29109,2,In-Degree
13017,5,In-Degree
1486,1,In-Degree
1521,3,In-Degree
2157,2,In-Degree
31766,2,In-Degree
7002,3,In-Degree
22085,2,In-Degree
1313,2,In-Degree
1216,1,In-Degree
7443,1,In-Degree
15877,2,In-Degree
4467,3,In-Degree
20616,1,In-Degree
4935,1,In-Degree
14018,1,In-Degree
4458,1,In-Degree
23570,1,In-Degree
10783,1,In-Degree
626,4,In-Degree
2659,3,In-Degree
24175,4,In-Degree
21429,1,In-Degree
45229,4,In-Degree
16920,2,In-Degree
3654,1,In-Degree
14516,1,In-Degree
5633,2,In-Degree
4271,1,In-Degree
329,1,In-Degree
5292,1,In-Degree
8304,1,In-Degree
11560,1,In-Degree
1766,2,In-Degree
39798,1,In-Degree
2082,1,In-Degree
27926,1,In-Degree
74452,1,In-Degree
4409,1,In-Degree
74583,1,In-Degree
3751,1,In-Degree
22385,1,In-Degree
4463,1,In-Degree
4494,4,In-Degree
2890,2,In-Degree
2277,3,In-Degree
13618,1,In-Degree
2234,1,In-Degree
19628,1,In-Degree
20128,1,In-Degree
27151,1,In-Degree
33769,1,In-Degree
21975,1,In-Degree
4649,1,In-Degree
1304,1,In-Degree
19564,1,In-Degree
2952,1,In-Degree
8789,1,In-Degree
32291,1,In-Degree
4824,1,In-Degree
2466,1,In-Degree
530,1,In-Degree
46968,1,In-Degree
7001,1,In-Degree
17812,1,In-Degree
18589,1,In-Degree
26975,1,In-Degree
20118,1,In-Degree
6356,2,In-Degree
1147,2,In-Degree
30338,1,In-Degree
3724,3,In-Degree
5387,1,In-Degree
18214,1,In-Degree
24161,1,In-Degree
1533,1,In-Degree
12052,1,In-Degree
23895,2,In-Degree
23985,2,In-Degree
12435,3,In-Degree
6108,1,In-Degree
916,1,In-Degree
6265,1,In-Degree
5460,1,In-Degree
23984,1,In-Degree
25248,1,In-Degree
4153,1,In-Degree
25837,1,In-Degree
7490,1,In-Degree
10690,1,In-Degree
4686,1,In-Degree
6631,2,In-Degree
12429,1,In-Degree
12064,1,In-Degree
5192,1,In-Degree
939,2,In-Degree
6499,2,In-Degree
31188,1,In-Degree
22691,1,In-Degree
10734,1,In-Degree
6441,4,In-Degree
11328,1,In-Degree
9093,1,In-Degree
1116,1,In-Degree
6628,1,In-Degree
9262,1,In-Degree
4837,2,In-Degree
3691,2,In-Degree
32425,1,In-Degree
11256,1,In-Degree
2761,1,In-Degree
967,1,In-Degree
1725,1,In-Degree
1124,2,In-Degree
2775,1,In-Degree
7246,1,In-Degree
13429,1,In-Degree
28433,1,In-Degree
3737,1,In-Degree
23204,1,In-Degree
2071,1,In-Degree
6068,2,In-Degree
882,1,In-Degree
702,1,In-Degree
12566,1,In-Degree
5215,1,In-Degree
2035,1,In-Degree
34599,2,In-Degree
3342,1,In-Degree
5076,1,In-Degree
7806,1,In-Degree
21643,3,In-Degree
20098,2,In-Degree
27753,1,In-Degree
21376,1,In-Degree
4444,3,In-Degree
4947,5,In-Degree
34625,2,In-Degree
1145,3,In-Degree
1298,2,In-Degree
5087,1,In-Degree
4883,1,In-Degree
3811,2,In-Degree
1248,1,In-Degree
852,1,In-Degree
5349,1,In-Degree
864,1,In-Degree
4394,2,In-Degree
17959,2,In-Degree
2741,6,In-Degree
29707,1,In-Degree
68204,2,In-Degree
479,1,In-Degree
8811,1,In-Degree
31396,1,In-Degree
3776,2,In-Degree
261,1,In-Degree
3919,2,In-Degree
8273,1,In-Degree
9849,2,In-Degree
14612,1,In-Degree
5011,1,In-Degree
8620,1,In-Degree
18523,3,In-Degree
212,1,In-Degree
31176,1,In-Degree
32002,2,In-Degree
18325,1,In-Degree
38877,1,In-Degree
63673,1,In-Degree
9164,1,In-Degree
1355,1,In-Degree
55897,1,In-Degree
2792,1,In-Degree
6128,1,In-Degree
5539,1,In-Degree
9175,1,In-Degree
21792,1,In-Degree
2958,1,In-Degree
1389,1,In-Degree
24923,1,In-Degree
1382,1,In-Degree
126,1,In-Degree
33028,1,In-Degree
5614,1,In-Degree
3372,1,In-Degree
1772,1,In-Degree
1918,1,In-Degree
2772,1,In-Degree
1606,1,In-Degree
2538,1,In-Degree
4525,1,In-Degree
34516,1,In-Degree
26891,1,In-Degree
34520,1,In-Degree
3405,1,In-Degree
7666,1,In-Degree
9550,1,In-Degree
9029,1,In-Degree
29209,1,In-Degree
47018,1,In-Degree
3306,1,In-Degree
1115,2,In-Degree
2449,1,In-Degree
103135,1,In-Degree
534,1,In-Degree
10948,1,In-Degree
6754,1,In-Degree
5497,1,In-Degree
628,2,In-Degree
10540,4,In-Degree
3729,3,In-Degree
6993,3,In-Degree
33854,3,In-Degree
52352,1,In-Degree
2964,3,In-Degree
26488,1,In-Degree
823,1,In-Degree
41014,1,In-Degree
40296,1,In-Degree
1319,1,In-Degree
4576,1,In-Degree
20591,2,In-Degree
7179,1,In-Degree
4348,1,In-Degree
7039,3,In-Degree
42394,3,In-Degree
4277,7,In-Degree
4585,4,In-Degree
2187,1,In-Degree
3274,3,In-Degree
111994,1,In-Degree
7609,4,In-Degree
5568,2,In-Degree
3930,4,In-Degree
10803,3,In-Degree
7128,1,In-Degree
4115,3,In-Degree
21977,1,In-Degree
6699,3,In-Degree
3785,1,In-Degree
72679,1,In-Degree
11310,1,In-Degree
31103,1,In-Degree
11130,1,In-Degree
1412,2,In-Degree
3936,3,In-Degree
33071,1,In-Degree
4310,1,In-Degree
2700,1,In-Degree
66241,1,In-Degree
3456,2,In-Degree
4269,1,In-Degree
1401,1,In-Degree
10999,1,In-Degree
9598,1,In-Degree
9066,1,In-Degree
2977,1,In-Degree
55555,1,In-Degree
38200,1,In-Degree
218,3,In-Degree
25562,1,In-Degree
8146,1,In-Degree
40683,1,In-Degree
134,1,In-Degree
9946,1,In-Degree
18303,3,In-Degree
2742,3,In-Degree
9451,1,In-Degree
40353,3,In-Degree
15310,2,In-Degree
20432,2,In-Degree
8031,2,In-Degree
44673,1,In-Degree
2687,2,In-Degree
6080,5,In-Degree
3772,1,In-Degree
4868,1,In-Degree
8075,2,In-Degree
2511,1,In-Degree
33791,1,In-Degree
38431,1,In-Degree
12212,1,In-Degree
11288,1,In-Degree
1882,1,In-Degree
9486,1,In-Degree
52349,2,In-Degree
24202,5,In-Degree
60563,1,In-Degree
21337,1,In-Degree
18573,1,In-Degree
96640,1,In-Degree
21637,3,In-Degree
31007,6,In-Degree
2253,1,In-Degree
9910,1,In-Degree
12439,2,In-Degree
2698,4,In-Degree
3706,2,In-Degree
4598,1,In-Degree
94649,1,In-Degree
11990,1,In-Degree
2481,2,In-Degree
23635,1,In-Degree
6043,2,In-Degree
8120,1,In-Degree
62791,1,In-Degree
26641,1,In-Degree
2227,2,In-Degree
12442,3,In-Degree
14814,4,In-Degree
42858,1,In-Degree
49699,1,In-Degree
25247,1,In-Degree
13494,1,In-Degree
21743,1,In-Degree
41104,2,In-Degree
10152,1,In-Degree
8850,1,In-Degree
6753,1,In-Degree
16032,1,In-Degree
81630,1,In-Degree
20707,1,In-Degree
39974,2,In-Degree
19968,1,In-Degree
38639,5,In-Degree
21520,1,In-Degree
4414,1,In-Degree
13226,1,In-Degree
7090,2,In-Degree
6081,3,In-Degree
11912,1,In-Degree
853,3,In-Degree
10693,2,In-Degree
59826,1,In-Degree
22253,1,In-Degree
6266,1,In-Degree
2614,1,In-Degree
5683,1,In-Degree
1142,1,In-Degree
9644,1,In-Degree
28914,1,In-Degree
44353,1,In-Degree
12346,1,In-Degree
4542,1,In-Degree
31300,1,In-Degree
3647,4,In-Degree
5766,1,In-Degree
1436,1,In-Degree
3354,1,In-Degree
70348,1,In-Degree
39237,1,In-Degree
2984,3,In-Degree
37358,2,In-Degree
24078,2,In-Degree
4289,1,In-Degree
11407,1,In-Degree
36956,1,In-Degree
262,1,In-Degree
3858,1,In-Degree
1804,1,In-Degree
13297,1,In-Degree
12574,1,In-Degree
4391,1,In-Degree
29817,1,In-Degree
6423,1,In-Degree
2043,1,In-Degree
22408,1,In-Degree
28036,1,In-Degree
1290,1,In-Degree
3085,1,In-Degree
36596,1,In-Degree
90755,1,In-Degree
18916,1,In-Degree
11344,1,In-Degree
16273,1,In-Degree
20149,2,In-Degree
32468,2,In-Degree
50883,2,In-Degree
11693,1,In-Degree
5196,1,In-Degree
5572,1,In-Degree
24329,1,In-Degree
14083,1,In-Degree
3540,1,In-Degree
1112,1,In-Degree
2067,1,In-Degree
16795,1,In-Degree
3454,2,In-Degree
5374,1,In-Degree
21271,1,In-Degree
34078,1,In-Degree
2513,1,In-Degree
39788,1,In-Degree
18272,1,In-Degree
24207,1,In-Degree
62966,2,In-Degree
20841,3,In-Degree
27864,1,In-Degree
6585,1,In-Degree
8141,1,In-Degree
588,1,In-Degree
9749,2,In-Degree
81272,1,In-Degree
21835,1,In-Degree
6335,1,In-Degree
40620,1,In-Degree
27122,1,In-Degree
12935,4,In-Degree
78193,1,In-Degree
408,1,In-Degree
3733,3,In-Degree
6412,1,In-Degree
16612,1,In-Degree
20835,1,In-Degree
11127,5,In-Degree
14589,4,In-Degree
11135,4,In-Degree
6992,1,In-Degree
2439,6,In-Degree
12063,1,In-Degree
12045,3,In-Degree
25910,1,In-Degree
66070,1,In-Degree
6432,4,In-Degree
6407,3,In-Degree
4057,1,In-Degree
12058,1,In-Degree
6436,1,In-Degree
13278,1,In-Degree
14809,1,In-Degree
30945,1,In-Degree
22294,1,In-Degree
42318,1,In-Degree
11399,1,In-Degree
7119,1,In-Degree
12042,1,In-Degree
12420,2,In-Degree
22810,2,In-Degree
38494,1,In-Degree
15122,2,In-Degree
23110,2,In-Degree
34308,1,In-Degree
1230,1,In-Degree
31525,4,In-Degree
40055,1,In-Degree
84831,1,In-Degree
5268,2,In-Degree
15121,3,In-Degree
49352,1,In-Degree
12444,2,In-Degree
14064,1,In-Degree
84865,1,In-Degree
4469,1,In-Degree
23032,2,In-Degree
37969,1,In-Degree
22822,1,In-Degree
98785,1,In-Degree
26947,1,In-Degree
62222,1,In-Degree
53177,1,In-Degree
30471,1,In-Degree
48041,1,In-Degree
63543,1,In-Degree
17832,2,In-Degree
4751,1,In-Degree
10907,1,In-Degree
10468,1,In-Degree
34794,1,In-Degree
4363,3,In-Degree
11422,2,In-Degree
3879,3,In-Degree
3915,1,In-Degree
16672,1,In-Degree
1529,2,In-Degree
22177,1,In-Degree
76651,1,In-Degree
5167,1,In-Degree
1799,1,In-Degree
20834,1,In-Degree
74553,1,In-Degree
3708,1,In-Degree
2430,1,In-Degree
11423,1,In-Degree
7790,2,In-Degree
16694,1,In-Degree
25922,1,In-Degree
5590,1,In-Degree
8344,1,In-Degree
3935,2,In-Degree
16190,1,In-Degree
3258,1,In-Degree
5594,1,In-Degree
40403,1,In-Degree
16100,1,In-Degree
5155,1,In-Degree
6365,1,In-Degree
44969,2,In-Degree
12467,1,In-Degree
50726,2,In-Degree
44034,1,In-Degree
2050,1,In-Degree
4555,1,In-Degree
2697,1,In-Degree
2319,1,In-Degree
24920,2,In-Degree
59059,1,In-Degree
31614,1,In-Degree
63622,1,In-Degree
2712,1,In-Degree
26871,1,In-Degree
2149,1,In-Degree
58298,1,In-Degree
14104,1,In-Degree
14110,4,In-Degree
31572,1,In-Degree
6503,2,In-Degree
11179,2,In-Degree
21430,1,In-Degree
35157,2,In-Degree
22552,1,In-Degree
62634,1,In-Degree
39186,1,In-Degree
11602,1,In-Degree
31109,1,In-Degree
13334,1,In-Degree
21267,1,In-Degree
6890,1,In-Degree
7373,1,In-Degree
116506,1,In-Degree
6384,1,In-Degree
3332,2,In-Degree
2293,1,In-Degree
5666,1,In-Degree
45468,1,In-Degree
6726,1,In-Degree
12524,1,In-Degree
51385,1,In-Degree
22316,1,In-Degree
20117,2,In-Degree
13615,1,In-Degree
15250,1,In-Degree
5466,4,In-Degree
2748,1,In-Degree
37016,1,In-Degree
22738,1,In-Degree
12302,3,In-Degree
34710,1,In-Degree
9241,1,In-Degree
4260,1,In-Degree
20778,1,In-Degree
4864,2,In-Degree
22517,1,In-Degree
27460,1,In-Degree
70885,2,In-Degree
3330,1,In-Degree
944,1,In-Degree
10262,1,In-Degree
14542,1,In-Degree
7014,1,In-Degree
3717,2,In-Degree
45352,1,In-Degree
82983,1,In-Degree
10774,2,In-Degree
5925,1,In-Degree
45324,1,In-Degree
11126,1,In-Degree
3697,1,In-Degree
10727,1,In-Degree
6408,1,In-Degree
14966,1,In-Degree
3690,2,In-Degree
4891,1,In-Degree
19605,1,In-Degree
8835,1,In-Degree
20530,1,In-Degree
19794,1,In-Degree
75068,1,In-Degree
26726,3,In-Degree
1267,1,In-Degree
15170,1,In-Degree
20115,1,In-Degree
8838,3,In-Degree
5716,2,In-Degree
26700,1,In-Degree
23667,2,In-Degree
33279,1,In-Degree
3938,1,In-Degree
2923,1,In-Degree
89417,2,In-Degree
1247,1,In-Degree
6749,1,In-Degree
6996,2,In-Degree
7242,1,In-Degree
3241,2,In-Degree
1765,1,In-Degree
19958,1,In-Degree
2279,1,In-Degree
53299,2,In-Degree
8563,3,In-Degree
70973,1,In-Degree
95634,1,In-Degree
4314,1,In-Degree
10688,3,In-Degree
38976,1,In-Degree
3715,1,In-Degree
11731,1,In-Degree
34004,1,In-Degree
12060,1,In-Degree
16779,2,In-Degree
3350,1,In-Degree
9687,1,In-Degree
23571,1,In-Degree
89169,1,In-Degree
6190,1,In-Degree
71622,1,In-Degree
93840,1,In-Degree
23562,1,In-Degree
5696,1,In-Degree
20803,1,In-Degree
5659,1,In-Degree
2828,1,In-Degree
21654,1,In-Degree
95305,1,In-Degree
6808,1,In-Degree
95081,1,In-Degree
20151,1,In-Degree
22444,1,In-Degree
83170,1,In-Degree
21653,1,In-Degree
22499,3,In-Degree
5250,1,In-Degree
6683,1,In-Degree
3842,1,In-Degree
17426,1,In-Degree
22399,1,In-Degree
39200,1,In-Degree
54393,1,In-Degree
27236,2,In-Degree
10695,3,In-Degree
11158,1,In-Degree
58326,1,In-Degree
14933,1,In-Degree
25230,2,In-Degree
69671,1,In-Degree
66623,1,In-Degree
23766,1,In-Degree
30623,1,In-Degree
103150,1,In-Degree
47762,1,In-Degree
43700,2,In-Degree
12041,1,In-Degree
69518,1,In-Degree
6646,1,In-Degree
72551,1,In-Degree
16040,1,In-Degree
3219,1,In-Degree
29728,1,In-Degree
554,1,In-Degree
13925,1,In-Degree
2155,1,In-Degree
78472,1,In-Degree
14105,1,In-Degree
14112,1,In-Degree
20093,3,In-Degree
27239,4,In-Degree
24174,2,In-Degree
5222,1,In-Degree
74015,1,In-Degree
50237,1,In-Degree
32474,6,In-Degree
66625,1,In-Degree
24009,1,In-Degree
7964,2,In-Degree
17224,2,In-Degree
27204,2,In-Degree
30457,3,In-Degree
48973,1,In-Degree
12448,1,In-Degree
27774,1,In-Degree
28399,1,In-Degree
21783,1,In-Degree
69519,1,In-Degree
22161,1,In-Degree
20962,2,In-Degree
14178,1,In-Degree
6131,1,In-Degree
32983,2,In-Degree
3683,1,In-Degree
40080,3,In-Degree
62307,1,In-Degree
42134,1,In-Degree
81515,1,In-Degree
96136,2,In-Degree
30697,4,In-Degree
37954,1,In-Degree
90057,1,In-Degree
37559,1,In-Degree
50837,1,In-Degree
24564,1,In-Degree
66080,1,In-Degree
12497,1,In-Degree
4286,3,In-Degree
27670,1,In-Degree
22405,1,In-Degree
78931,1,In-Degree
12374,1,In-Degree
45418,1,In-Degree
92829,1,In-Degree
56331,1,In-Degree
32974,3,In-Degree
3696,2,In-Degree
85391,1,In-Degree
26459,1,In-Degree
19726,1,In-Degree
10238,1,In-Degree
41160,1,In-Degree
83924,1,In-Degree
4506,1,In-Degree
115182,1,In-Degree
33610,1,In-Degree
10298,1,In-Degree
3779,1,In-Degree
50890,1,In-Degree
50912,1,In-Degree
44006,1,In-Degree
45317,1,In-Degree
45068,1,In-Degree
69587,1,In-Degree
44882,1,In-Degree
45216,1,In-Degree
9249,1,In-Degree
11610,1,In-Degree
63975,1,In-Degree
54834,1,In-Degree
8189,2,In-Degree
11607,1,In-Degree
89217,1,In-Degree
18477,1,In-Degree
33163,1,In-Degree
20070,1,In-Degree
14772,1,In-Degree
96822,1,In-Degree
33141,1,In-Degree
4870,1,In-Degree
93555,1,In-Degree
31943,1,In-Degree
2376,1,In-Degree
8188,1,In-Degree
7614,1,In-Degree
7077,1,In-Degree
54731,2,In-Degree
4321,1,In-Degree
42972,1,In-Degree
20377,1,In-Degree
2154,1,In-Degree
17363,1,In-Degree
4081,1,In-Degree
22666,1,In-Degree
32259,1,In-Degree
2321,1,In-Degree
12622,1,In-Degree
17115,1,In-Degree
34604,1,In-Degree
22644,1,In-Degree
12458,1,In-Degree
8832,3,In-Degree
20251,1,In-Degree
7858,1,In-Degree
10233,1,In-Degree
44164,1,In-Degree
60070,1,In-Degree
91994,1,In-Degree
16223,1,In-Degree
95316,1,In-Degree
7325,1,In-Degree
21508,1,In-Degree
20323,1,In-Degree
98591,1,In-Degree
12903,1,In-Degree
11207,1,In-Degree
50535,1,In-Degree
4881,1,In-Degree
5753,1,In-Degree
39137,1,In-Degree
98104,1,In-Degree
15447,1,In-Degree
2502,2,In-Degree
4287,1,In-Degree
89252,1,In-Degree
6062,1,In-Degree
95319,1,In-Degree
93560,1,In-Degree
10376,1,In-Degree
100112,1,In-Degree
30787,1,In-Degree
105575,1,In-Degree
28213,1,In-Degree
21435,1,In-Degree
10402,1,In-Degree
54990,1,In-Degree
531,1,In-Degree
3458,1,In-Degree
7722,1,In-Degree
61387,1,In-Degree
83891,1,In-Degree
6987,1,In-Degree
3318,2,In-Degree
29509,1,In-Degree
7882,1,In-Degree
23392,1,In-Degree
106805,1,In-Degree
56398,1,In-Degree
30244,1,In-Degree
16803,1,In-Degree
12276,1,In-Degree
39005,1,In-Degree
63532,1,In-Degree
46170,1,In-Degree
65705,1,In-Degree
40909,1,In-Degree
5086,1,In-Degree
20416,1,In-Degree
1508,1,In-Degree
10043,1,In-Degree
29956,1,In-Degree
8321,1,In-Degree
14107,1,In-Degree
16243,1,In-Degree
83108,1,In-Degree
45626,1,In-Degree
7378,3,In-Degree
12852,1,In-Degree
68072,1,In-Degree
8401,1,In-Degree
26013,1,In-Degree
7390,3,In-Degree
56568,1,In-Degree
2731,1,In-Degree
12520,1,In-Degree
36530,1,In-Degree
118313,1,In-Degree
57882,1,In-Degree
79,7,Out-Degree
2,5,Out-Degree
156,11,Out-Degree
38,8,Out-Degree
383,3,Out-Degree
10,5,Out-Degree
24,7,Out-Degree
52,2,Out-Degree
708,2,Out-Degree
504,5,Out-Degree
449,2,Out-Degree
132,5,Out-Degree
381,2,Out-Degree
3,7,Out-Degree
220,3,Out-Degree
72,8,Out-Degree
92,6,Out-Degree
15,6,Out-Degree
3154,1,Out-Degree
172,3,Out-Degree
321,3,Out-Degree
86,5,Out-Degree
21,4,Out-Degree
30,6,Out-Degree
210,2,Out-Degree
4786,1,Out-Degree
216,1,Out-Degree
1968,2,Out-Degree
1963,1,Out-Degree
6600,2,Out-Degree
648,2,Out-Degree
5120,2,Out-Degree
1755,1,Out-Degree
679,5,Out-Degree
485,1,Out-Degree
48,4,Out-Degree
828,2,Out-Degree
610,4,Out-Degree
501,1,Out-Degree
195,5,Out-Degree
2533,1,Out-Degree
63,5,Out-Degree
537,1,Out-Degree
322,1,Out-Degree
50,7,Out-Degree
95,4,Out-Degree
238,3,Out-Degree
88,1,Out-Degree
39,4,Out-Degree
101,4,Out-Degree
71,2,Out-Degree
25,9,Out-Degree
1549,1,Out-Degree
8179,2,Out-Degree
318,4,Out-Degree
27,4,Out-Degree
272,4,Out-Degree
621,3,Out-Degree
12,8,Out-Degree
46,9,Out-Degree
244,6,Out-Degree
494,2,Out-Degree
102,2,Out-Degree
66,4,Out-Degree
42,4,Out-Degree
193,2,Out-Degree
191,2,Out-Degree
631,2,Out-Degree
148,8,Out-Degree
213,1,Out-Degree
279,5,Out-Degree
37146,1,Out-Degree
21061,1,Out-Degree
277,1,Out-Degree
69,4,Out-Degree
41,9,Out-Degree
166,5,Out-Degree
443,3,Out-Degree
2582,2,Out-Degree
2638,1,Out-Degree
9962,4,Out-Degree
173,3,Out-Degree
678,4,Out-Degree
85,15,Out-Degree
399,8,Out-Degree
21583,1,Out-Degree
2509,3,Out-Degree
656,2,Out-Degree
44,7,Out-Degree
649,2,Out-Degree
170,6,Out-Degree
273,7,Out-Degree
703,11,Out-Degree
684,1,Out-Degree
389,8,Out-Degree
371,8,Out-Degree
16,4,Out-Degree
200,4,Out-Degree
428,2,Out-Degree
82,5,Out-Degree
518,3,Out-Degree
1955,2,Out-Degree
60,5,Out-Degree
663,4,Out-Degree
657,1,Out-Degree
211,5,Out-Degree
111,6,Out-Degree
116,2,Out-Degree
4,7,Out-Degree
1557,1,Out-Degree
555,6,Out-Degree
35,6,Out-Degree
93,8,Out-Degree
742,1,Out-Degree
65,9,Out-Degree
7693,1,Out-Degree
108,5,Out-Degree
490,4,Out-Degree
437,1,Out-Degree
305,2,Out-Degree
11,6,Out-Degree
3515,5,Out-Degree
850,1,Out-Degree
18,3,Out-Degree
356,4,Out-Degree
350,6,Out-Degree
349,2,Out-Degree
672,2,Out-Degree
13,2,Out-Degree
338,2,Out-Degree
18255,1,Out-Degree
184,1,Out-Degree
670,3,Out-Degree
87,4,Out-Degree
395,12,Out-Degree
265,7,Out-Degree
698,6,Out-Degree
497,4,Out-Degree
78,10,Out-Degree
80,4,Out-Degree
290,5,Out-Degree
1007,2,Out-Degree
15897,1,Out-Degree
24790,1,Out-Degree
97,6,Out-Degree
849,6,Out-Degree
303,3,Out-Degree
370,3,Out-Degree
29,7,Out-Degree
362,1,Out-Degree
710,1,Out-Degree
266,6,Out-Degree
491,5,Out-Degree
336,6,Out-Degree
1502,1,Out-Degree
6565,1,Out-Degree
61,2,Out-Degree
2973,1,Out-Degree
1840,1,Out-Degree
917,2,Out-Degree
36,2,Out-Degree
120,1,Out-Degree
301,4,Out-Degree
2497,5,Out-Degree
1050,1,Out-Degree
38969,17,Out-Degree
57,4,Out-Degree
237,4,Out-Degree
47698,1,Out-Degree
21057,1,Out-Degree
2364,9,Out-Degree
2444,5,Out-Degree
247,3,Out-Degree
495,3,Out-Degree
19527,1,Out-Degree
2663,1,Out-Degree
89,6,Out-Degree
90,2,Out-Degree
271,5,Out-Degree
524,1,Out-Degree
167,10,Out-Degree
23666,2,Out-Degree
747,5,Out-Degree
345,5,Out-Degree
1187,2,Out-Degree
5,8,Out-Degree
452,3,Out-Degree
2362,1,Out-Degree
28,9,Out-Degree
409,2,Out-Degree
750,1,Out-Degree
257,2,Out-Degree
458,1,Out-Degree
21258,2,Out-Degree
391,3,Out-Degree
7097,1,Out-Degree
98428,4,Out-Degree
354,1,Out-Degree
204,3,Out-Degree
1,4,Out-Degree
734,2,Out-Degree
753,2,Out-Degree
56,7,Out-Degree
21195,1,Out-Degree
735,1,Out-Degree
8427,1,Out-Degree
1184,3,Out-Degree
58,3,Out-Degree
559,1,Out-Degree
676,7,Out-Degree
192,4,Out-Degree
8,2,Out-Degree
413,6,Out-Degree
10459,1,Out-Degree
5295,2,Out-Degree
459,2,Out-Degree
22878,1,Out-Degree
585,2,Out-Degree
99,4,Out-Degree
625,1,Out-Degree
5070,2,Out-Degree
2094,2,Out-Degree
68,4,Out-Degree
292,3,Out-Degree
106,3,Out-Degree
2091,1,Out-Degree
91,8,Out-Degree
11321,1,Out-Degree
12999,1,Out-Degree
256,4,Out-Degree
26,4,Out-Degree
4772,3,Out-Degree
596,2,Out-Degree
5107,1,Out-Degree
1365,1,Out-Degree
5369,1,Out-Degree
2371,1,Out-Degree
21084,1,Out-Degree
2024,4,Out-Degree
337,6,Out-Degree
17,5,Out-Degree
571,6,Out-Degree
5071,1,Out-Degree
1344,2,Out-Degree
582,1,Out-Degree
1770,2,Out-Degree
206,3,Out-Degree
21055,1,Out-Degree
73,9,Out-Degree
29950,1,Out-Degree
545,4,Out-Degree
7866,1,Out-Degree
448,5,Out-Degree
208,10,Out-Degree
31739,2,Out-Degree
113,8,Out-Degree
217,6,Out-Degree
1881,3,Out-Degree
20844,2,Out-Degree
4294,3,Out-Degree
293,5,Out-Degree
766,7,Out-Degree
1240,6,Out-Degree
330,2,Out-Degree
30874,1,Out-Degree
21072,1,Out-Degree
419,2,Out-Degree
2409,1,Out-Degree
6330,1,Out-Degree
402,3,Out-Degree
778,1,Out-Degree
2266,2,Out-Degree
442,3,Out-Degree
104,4,Out-Degree
2370,1,Out-Degree
20114,1,Out-Degree
299,6,Out-Degree
400,2,Out-Degree
110,5,Out-Degree
103,4,Out-Degree
315,2,Out-Degree
4177,2,Out-Degree
553,3,Out-Degree
512,6,Out-Degree
15531,1,Out-Degree
51,7,Out-Degree
94,3,Out-Degree
215,5,Out-Degree
2681,1,Out-Degree
21058,1,Out-Degree
1786,1,Out-Degree
605,8,Out-Degree
19,1,Out-Degree
129,7,Out-Degree
10492,1,Out-Degree
26735,1,Out-Degree
21049,2,Out-Degree
1773,2,Out-Degree
243,7,Out-Degree
5672,1,Out-Degree
699,1,Out-Degree
5608,2,Out-Degree
45,1,Out-Degree
808,3,Out-Degree
824,2,Out-Degree
785,2,Out-Degree
761,11,Out-Degree
139,10,Out-Degree
81,3,Out-Degree
2745,1,Out-Degree
897,7,Out-Degree
978,4,Out-Degree
1023,3,Out-Degree
14,6,Out-Degree
1457,1,Out-Degree
574,3,Out-Degree
201,1,Out-Degree
1573,2,Out-Degree
1459,8,Out-Degree
2369,1,Out-Degree
122,5,Out-Degree
1372,1,Out-Degree
245,1,Out-Degree
22589,1,Out-Degree
9443,1,Out-Degree
9604,1,Out-Degree
107,4,Out-Degree
22322,1,Out-Degree
848,2,Out-Degree
11970,1,Out-Degree
727,3,Out-Degree
384,1,Out-Degree
10270,1,Out-Degree
28323,1,Out-Degree
36165,3,Out-Degree
5612,10,Out-Degree
269,1,Out-Degree
1793,1,Out-Degree
23,5,Out-Degree
955,2,Out-Degree
21598,1,Out-Degree
187,2,Out-Degree
45798,1,Out-Degree
19138,1,Out-Degree
478,6,Out-Degree
7680,1,Out-Degree
21596,1,Out-Degree
20,4,Out-Degree
1560,1,Out-Degree
105,2,Out-Degree
661,2,Out-Degree
1363,2,Out-Degree
473,2,Out-Degree
343,4,Out-Degree
38841,1,Out-Degree
1507,1,Out-Degree
3840,2,Out-Degree
1315,1,Out-Degree
1483,8,Out-Degree
2744,3,Out-Degree
3592,2,Out-Degree
1619,1,Out-Degree
222,2,Out-Degree
366,1,Out-Degree
150,2,Out-Degree
18657,1,Out-Degree
5559,2,Out-Degree
446,1,Out-Degree
268,5,Out-Degree
2228,7,Out-Degree
236,3,Out-Degree
331,3,Out-Degree
234,8,Out-Degree
25598,8,Out-Degree
503,9,Out-Degree
6456,2,Out-Degree
2041,1,Out-Degree
24098,1,Out-Degree
3530,1,Out-Degree
5501,1,Out-Degree
5502,1,Out-Degree
10534,2,Out-Degree
2790,2,Out-Degree
8562,1,Out-Degree
327,1,Out-Degree
16782,2,Out-Degree
43,2,Out-Degree
4309,1,Out-Degree
1100,2,Out-Degree
307,4,Out-Degree
2510,2,Out-Degree
13607,1,Out-Degree
316,3,Out-Degree
5378,2,Out-Degree
2662,10,Out-Degree
31424,1,Out-Degree
4457,2,Out-Degree
223,3,Out-Degree
2441,4,Out-Degree
1634,2,Out-Degree
4396,2,Out-Degree
2475,1,Out-Degree
3057,3,Out-Degree
368,7,Out-Degree
1777,3,Out-Degree
417,1,Out-Degree
720,5,Out-Degree
398,5,Out-Degree
355,6,Out-Degree
623,4,Out-Degree
5085,1,Out-Degree
2450,1,Out-Degree
130,1,Out-Degree
3641,2,Out-Degree
190,3,Out-Degree
124,4,Out-Degree
989,4,Out-Degree
677,5,Out-Degree
988,4,Out-Degree
131,7,Out-Degree
1002,1,Out-Degree
141,5,Out-Degree
1010,6,Out-Degree
289,9,Out-Degree
164,10,Out-Degree
762,4,Out-Degree
3512,1,Out-Degree
1162,3,Out-Degree
162,3,Out-Degree
2503,5,Out-Degree
40,4,Out-Degree
664,2,Out-Degree
1042,6,Out-Degree
31,5,Out-Degree
380,2,Out-Degree
1064,4,Out-Degree
379,4,Out-Degree
2454,7,Out-Degree
1027,8,Out-Degree
641,6,Out-Degree
1039,5,Out-Degree
947,1,Out-Degree
1090,3,Out-Degree
801,3,Out-Degree
1035,6,Out-Degree
1031,6,Out-Degree
985,5,Out-Degree
466,4,Out-Degree
1082,2,Out-Degree
1003,6,Out-Degree
873,6,Out-Degree
3820,4,Out-Degree
281,6,Out-Degree
1284,4,Out-Degree
8512,2,Out-Degree
990,5,Out-Degree
142,3,Out-Degree
404,1,Out-Degree
306,3,Out-Degree
288,3,Out-Degree
189,2,Out-Degree
1106,1,Out-Degree
294,6,Out-Degree
9202,3,Out-Degree
826,1,Out-Degree
1020,5,Out-Degree
22,5,Out-Degree
813,3,Out-Degree
180,9,Out-Degree
1061,4,Out-Degree
114309,5,Out-Degree
31094,1,Out-Degree
2758,1,Out-Degree
1006,2,Out-Degree
21875,1,Out-Degree
5739,2,Out-Degree
2464,5,Out-Degree
583,5,Out-Degree
1038,5,Out-Degree
1408,2,Out-Degree
239,1,Out-Degree
506,4,Out-Degree
667,2,Out-Degree
683,6,Out-Degree
8152,1,Out-Degree
2979,1,Out-Degree
3391,7,Out-Degree
1195,2,Out-Degree
984,5,Out-Degree
6908,1,Out-Degree
543,9,Out-Degree
1123,6,Out-Degree
1098,5,Out-Degree
1102,2,Out-Degree
15004,1,Out-Degree
31415,1,Out-Degree
931,5,Out-Degree
1043,2,Out-Degree
660,2,Out-Degree
358,5,Out-Degree
18945,1,Out-Degree
3899,4,Out-Degree
2670,6,Out-Degree
4007,4,Out-Degree
151,5,Out-Degree
1126,1,Out-Degree
44498,1,Out-Degree
352,5,Out-Degree
8036,1,Out-Degree
1252,2,Out-Degree
1088,6,Out-Degree
11132,3,Out-Degree
9802,1,Out-Degree
24021,1,Out-Degree
4362,5,Out-Degree
3457,3,Out-Degree
1519,2,Out-Degree
499,2,Out-Degree
35055,1,Out-Degree
3684,5,Out-Degree
2455,4,Out-Degree
1220,8,Out-Degree
1219,3,Out-Degree
986,3,Out-Degree
6225,2,Out-Degree
995,2,Out-Degree
1231,3,Out-Degree
3135,2,Out-Degree
738,2,Out-Degree
2578,4,Out-Degree
1074,5,Out-Degree
2804,4,Out-Degree
1032,5,Out-Degree
81293,1,Out-Degree
430,1,Out-Degree
6578,1,Out-Degree
10493,1,Out-Degree
45691,1,Out-Degree
317,2,Out-Degree
3069,1,Out-Degree
11045,1,Out-Degree
642,2,Out-Degree
614,5,Out-Degree
202,2,Out-Degree
24163,1,Out-Degree
2862,1,Out-Degree
924,1,Out-Degree
1175,1,Out-Degree
3891,1,Out-Degree
2855,1,Out-Degree
133,1,Out-Degree
669,3,Out-Degree
1181,7,Out-Degree
7567,3,Out-Degree
1111,1,Out-Degree
4694,1,Out-Degree
2810,1,Out-Degree
127,5,Out-Degree
1282,3,Out-Degree
4043,4,Out-Degree
1280,3,Out-Degree
2784,2,Out-Degree
1225,3,Out-Degree
1274,1,Out-Degree
159,4,Out-Degree
252,2,Out-Degree
2042,1,Out-Degree
4807,1,Out-Degree
2053,1,Out-Degree
242,1,Out-Degree
859,1,Out-Degree
2055,1,Out-Degree
2334,1,Out-Degree
260,1,Out-Degree
434,3,Out-Degree
2411,1,Out-Degree
8346,2,Out-Degree
155,7,Out-Degree
2010,1,Out-Degree
144,4,Out-Degree
9198,1,Out-Degree
66883,1,Out-Degree
344,2,Out-Degree
1538,1,Out-Degree
63653,1,Out-Degree
1427,6,Out-Degree
2943,3,Out-Degree
662,7,Out-Degree
38569,1,Out-Degree
19145,1,Out-Degree
4163,1,Out-Degree
1397,2,Out-Degree
595,3,Out-Degree
2580,3,Out-Degree
1041,3,Out-Degree
969,3,Out-Degree
895,3,Out-Degree
618,2,Out-Degree
8950,2,Out-Degree
1154,1,Out-Degree
2967,1,Out-Degree
9372,1,Out-Degree
2602,1,Out-Degree
18208,1,Out-Degree
1444,2,Out-Degree
2930,2,Out-Degree
1286,2,Out-Degree
855,2,Out-Degree
1160,2,Out-Degree
1159,2,Out-Degree
1826,2,Out-Degree
2931,1,Out-Degree
6045,1,Out-Degree
3521,2,Out-Degree
2618,1,Out-Degree
3558,1,Out-Degree
10838,5,Out-Degree
30293,1,Out-Degree
3546,1,Out-Degree
749,2,Out-Degree
1047,1,Out-Degree
861,3,Out-Degree
800,2,Out-Degree
866,2,Out-Degree
839,2,Out-Degree
1390,3,Out-Degree
862,1,Out-Degree
2921,1,Out-Degree
15613,2,Out-Degree
636,1,Out-Degree
2655,1,Out-Degree
3601,1,Out-Degree
209,3,Out-Degree
5621,2,Out-Degree
2919,1,Out-Degree
4040,3,Out-Degree
820,4,Out-Degree
6195,5,Out-Degree
5515,1,Out-Degree
447,5,Out-Degree
420,1,Out-Degree
1613,2,Out-Degree
8519,1,Out-Degree
2432,3,Out-Degree
3268,2,Out-Degree
1091,8,Out-Degree
675,14,Out-Degree
9599,9,Out-Degree
3962,2,Out-Degree
403,2,Out-Degree
23946,1,Out-Degree
8370,1,Out-Degree
4429,5,Out-Degree
2235,3,Out-Degree
280,2,Out-Degree
440,2,Out-Degree
1453,1,Out-Degree
1429,1,Out-Degree
1461,1,Out-Degree
7753,1,Out-Degree
1353,1,Out-Degree
33239,1,Out-Degree
713,2,Out-Degree
5662,2,Out-Degree
1643,1,Out-Degree
2491,1,Out-Degree
3552,2,Out-Degree
98,1,Out-Degree
275,3,Out-Degree
2639,4,Out-Degree
979,2,Out-Degree
3900,1,Out-Degree
687,1,Out-Degree
64,8,Out-Degree
532,1,Out-Degree
5170,1,Out-Degree
500,1,Out-Degree
2898,1,Out-Degree
328,1,Out-Degree
2247,2,Out-Degree
940,4,Out-Degree
23436,1,Out-Degree
197,2,Out-Degree
7961,1,Out-Degree
2352,1,Out-Degree
114,2,Out-Degree
5110,4,Out-Degree
2318,1,Out-Degree
45132,1,Out-Degree
152,1,Out-Degree
24284,1,Out-Degree
6632,3,Out-Degree
199,3,Out-Degree
9851,1,Out-Degree
1506,1,Out-Degree
6894,3,Out-Degree
5743,1,Out-Degree
712,7,Out-Degree
45545,1,Out-Degree
833,2,Out-Degree
2749,1,Out-Degree
13648,2,Out-Degree
5745,2,Out-Degree
4503,4,Out-Degree
12390,1,Out-Degree
825,2,Out-Degree
27603,1,Out-Degree
7775,1,Out-Degree
10247,4,Out-Degree
418,2,Out-Degree
1388,1,Out-Degree
2808,2,Out-Degree
1049,8,Out-Degree
1234,4,Out-Degree
472,2,Out-Degree
714,2,Out-Degree
1532,2,Out-Degree
3368,2,Out-Degree
221,3,Out-Degree
6182,1,Out-Degree
8678,1,Out-Degree
38011,2,Out-Degree
630,3,Out-Degree
811,3,Out-Degree
2865,2,Out-Degree
2448,3,Out-Degree
7971,2,Out-Degree
2403,3,Out-Degree
3679,4,Out-Degree
2239,1,Out-Degree
2867,1,Out-Degree
367,3,Out-Degree
1084,1,Out-Degree
18079,1,Out-Degree
3958,1,Out-Degree
4451,6,Out-Degree
12214,3,Out-Degree
5091,2,Out-Degree
24200,1,Out-Degree
1053,1,Out-Degree
5303,1,Out-Degree
1279,1,Out-Degree
2824,1,Out-Degree
1168,1,Out-Degree
8396,1,Out-Degree
23784,1,Out-Degree
4683,1,Out-Degree
547,2,Out-Degree
2375,3,Out-Degree
1206,3,Out-Degree
115,1,Out-Degree
9469,1,Out-Degree
617,3,Out-Degree
29988,8,Out-Degree
9030,1,Out-Degree
9525,1,Out-Degree
26563,2,Out-Degree
38429,1,Out-Degree
1458,5,Out-Degree
1511,1,Out-Degree
11110,1,Out-Degree
40181,3,Out-Degree
1378,1,Out-Degree
1268,2,Out-Degree
790,1,Out-Degree
2456,1,Out-Degree
526,4,Out-Degree
752,4,Out-Degree
597,1,Out-Degree
1473,5,Out-Degree
6836,1,Out-Degree
2276,1,Out-Degree
1065,2,Out-Degree
4355,1,Out-Degree
143,1,Out-Degree
4307,1,Out-Degree
2085,1,Out-Degree
994,4,Out-Degree
2932,3,Out-Degree
2078,4,Out-Degree
996,5,Out-Degree
2230,4,Out-Degree
3159,1,Out-Degree
475,1,Out-Degree
9454,1,Out-Degree
2263,1,Out-Degree
793,1,Out-Degree
2162,2,Out-Degree
5355,1,Out-Degree
1526,1,Out-Degree
822,2,Out-Degree
4556,1,Out-Degree
21067,1,Out-Degree
96,5,Out-Degree
385,4,Out-Degree
563,1,Out-Degree
1054,3,Out-Degree
1241,1,Out-Degree
511,2,Out-Degree
300,1,Out-Degree
1263,2,Out-Degree
718,2,Out-Degree
1433,2,Out-Degree
5545,1,Out-Degree
1186,4,Out-Degree
932,3,Out-Degree
2686,1,Out-Degree
128,7,Out-Degree
1000,1,Out-Degree
4592,3,Out-Degree
2726,6,Out-Degree
3828,1,Out-Degree
2282,2,Out-Degree
2421,4,Out-Degree
840,2,Out-Degree
47,5,Out-Degree
21597,1,Out-Degree
405,4,Out-Degree
3237,3,Out-Degree
615,1,Out-Degree
10055,1,Out-Degree
724,1,Out-Degree
467,1,Out-Degree
10475,1,Out-Degree
10479,1,Out-Degree
1148,5,Out-Degree
3001,1,Out-Degree
2413,5,Out-Degree
3933,1,Out-Degree
2414,1,Out-Degree
1909,2,Out-Degree
29268,1,Out-Degree
19215,3,Out-Degree
802,3,Out-Degree
2674,1,Out-Degree
4658,1,Out-Degree
4645,2,Out-Degree
107055,1,Out-Degree
1451,1,Out-Degree
32004,6,Out-Degree
36809,1,Out-Degree
946,1,Out-Degree
4713,1,Out-Degree
392,4,Out-Degree
225,5,Out-Degree
2486,1,Out-Degree
298,6,Out-Degree
3414,1,Out-Degree
4675,2,Out-Degree
7313,1,Out-Degree
21062,2,Out-Degree
3920,1,Out-Degree
9883,1,Out-Degree
46869,2,Out-Degree
8191,1,Out-Degree
3925,1,Out-Degree
565,1,Out-Degree
2814,5,Out-Degree
551,3,Out-Degree
39592,1,Out-Degree
19121,1,Out-Degree
33943,1,Out-Degree
541,6,Out-Degree
1132,6,Out-Degree
4672,1,Out-Degree
4788,1,Out-Degree
34789,1,Out-Degree
7081,2,Out-Degree
1078,8,Out-Degree
2147,3,Out-Degree
2191,1,Out-Degree
2666,1,Out-Degree
9376,1,Out-Degree
43488,1,Out-Degree
3972,1,Out-Degree
688,2,Out-Degree
4306,1,Out-Degree
2872,1,Out-Degree
6854,1,Out-Degree
8935,1,Out-Degree
2541,1,Out-Degree
6392,1,Out-Degree
267,2,Out-Degree
33728,1,Out-Degree
29740,1,Out-Degree
1712,1,Out-Degree
3038,1,Out-Degree
2030,1,Out-Degree
1028,6,Out-Degree
2795,3,Out-Degree
903,2,Out-Degree
602,2,Out-Degree
2553,3,Out-Degree
2011,1,Out-Degree
9251,3,Out-Degree
3008,3,Out-Degree
1198,2,Out-Degree
1270,1,Out-Degree
1071,3,Out-Degree
1089,2,Out-Degree
3040,1,Out-Degree
7112,1,Out-Degree
860,2,Out-Degree
2079,7,Out-Degree
3392,4,Out-Degree
5202,1,Out-Degree
1118,1,Out-Degree
35433,1,Out-Degree
43560,1,Out-Degree
157,1,Out-Degree
12680,1,Out-Degree
2995,4,Out-Degree
10140,2,Out-Degree
2428,2,Out-Degree
2424,3,Out-Degree
3326,2,Out-Degree
3345,4,Out-Degree
2420,5,Out-Degree
4789,1,Out-Degree
3271,2,Out-Degree
50066,1,Out-Degree
9,5,Out-Degree
8793,3,Out-Degree
68608,5,Out-Degree
59,1,Out-Degree
2521,2,Out-Degree
15581,1,Out-Degree
2027,1,Out-Degree
3002,1,Out-Degree
18448,1,Out-Degree
21971,1,Out-Degree
1110,6,Out-Degree
13436,1,Out-Degree
42081,2,Out-Degree
2861,1,Out-Degree
594,1,Out-Degree
1211,3,Out-Degree
3064,3,Out-Degree
1150,2,Out-Degree
14931,2,Out-Degree
4589,5,Out-Degree
3054,6,Out-Degree
1194,3,Out-Degree
1045,10,Out-Degree
4674,1,Out-Degree
9606,1,Out-Degree
6933,1,Out-Degree
899,3,Out-Degree
2725,1,Out-Degree
8953,1,Out-Degree
2999,2,Out-Degree
2288,4,Out-Degree
1302,2,Out-Degree
3053,1,Out-Degree
2063,1,Out-Degree
11617,1,Out-Degree
1085,3,Out-Degree
309,2,Out-Degree
2936,1,Out-Degree
2431,1,Out-Degree
9844,2,Out-Degree
3348,2,Out-Degree
20440,1,Out-Degree
3230,1,Out-Degree
3323,1,Out-Degree
1034,5,Out-Degree
3520,3,Out-Degree
7788,3,Out-Degree
982,5,Out-Degree
2425,4,Out-Degree
1301,4,Out-Degree
2990,3,Out-Degree
10373,1,Out-Degree
8780,3,Out-Degree
1465,1,Out-Degree
1536,2,Out-Degree
976,2,Out-Degree
8718,3,Out-Degree
10010,3,Out-Degree
2459,3,Out-Degree
7789,1,Out-Degree
1701,4,Out-Degree
235,2,Out-Degree
7151,1,Out-Degree
3413,1,Out-Degree
6418,2,Out-Degree
1192,4,Out-Degree
3034,1,Out-Degree
8154,1,Out-Degree
8928,1,Out-Degree
8641,2,Out-Degree
15508,1,Out-Degree
1165,3,Out-Degree
232,2,Out-Degree
4959,1,Out-Degree
312,1,Out-Degree
964,2,Out-Degree
14306,1,Out-Degree
455,1,Out-Degree
4482,1,Out-Degree
4501,5,Out-Degree
369,2,Out-Degree
2535,2,Out-Degree
2259,5,Out-Degree
3352,1,Out-Degree
8397,1,Out-Degree
339,4,Out-Degree
2410,3,Out-Degree
1044,1,Out-Degree
2844,2,Out-Degree
422,1,Out-Degree
5689,1,Out-Degree
23752,1,Out-Degree
4890,1,Out-Degree
255,3,Out-Degree
1164,2,Out-Degree
6621,3,Out-Degree
760,3,Out-Degree
26565,2,Out-Degree
89043,1,Out-Degree
538,5,Out-Degree
3426,3,Out-Degree
3578,1,Out-Degree
918,4,Out-Degree
599,1,Out-Degree
2388,2,Out-Degree
1236,1,Out-Degree
4603,4,Out-Degree
441,5,Out-Degree
24345,1,Out-Degree
6368,2,Out-Degree
1293,3,Out-Degree
6142,1,Out-Degree
82456,2,Out-Degree
1083,3,Out-Degree
2374,2,Out-Degree
6489,1,Out-Degree
10645,1,Out-Degree
11150,1,Out-Degree
13645,3,Out-Degree
57520,1,Out-Degree
75992,1,Out-Degree
540,1,Out-Degree
6212,1,Out-Degree
11242,1,Out-Degree
3161,1,Out-Degree
7723,1,Out-Degree
3712,1,Out-Degree
1237,4,Out-Degree
6451,1,Out-Degree
653,5,Out-Degree
53748,1,Out-Degree
2675,2,Out-Degree
42700,2,Out-Degree
7476,3,Out-Degree
5219,3,Out-Degree
71749,1,Out-Degree
8699,3,Out-Degree
1876,2,Out-Degree
5540,3,Out-Degree
6677,1,Out-Degree
6227,2,Out-Degree
3308,4,Out-Degree
2672,1,Out-Degree
1837,6,Out-Degree
776,1,Out-Degree
463,1,Out-Degree
1218,3,Out-Degree
13286,2,Out-Degree
619,1,Out-Degree
6767,1,Out-Degree
176,1,Out-Degree
9055,3,Out-Degree
32091,1,Out-Degree
414,6,Out-Degree
16049,1,Out-Degree
7055,1,Out-Degree
8816,2,Out-Degree
3993,2,Out-Degree
21941,1,Out-Degree
12460,1,Out-Degree
769,2,Out-Degree
4810,1,Out-Degree
1266,1,Out-Degree
33788,1,Out-Degree
1435,1,Out-Degree
2125,2,Out-Degree
1452,1,Out-Degree
18950,1,Out-Degree
73038,1,Out-Degree
4436,1,Out-Degree
310,1,Out-Degree
18966,1,Out-Degree
5125,1,Out-Degree
3711,1,Out-Degree
4969,1,Out-Degree
951,1,Out-Degree
4970,1,Out-Degree
1920,1,Out-Degree
2204,1,Out-Degree
2283,1,Out-Degree
1774,2,Out-Degree
10207,1,Out-Degree
22516,1,Out-Degree
83673,1,Out-Degree
4787,1,Out-Degree
2568,1,Out-Degree
6583,1,Out-Degree
2285,1,Out-Degree
3327,2,Out-Degree
9791,2,Out-Degree
8012,1,Out-Degree
5707,2,Out-Degree
609,2,Out-Degree
12370,1,Out-Degree
1092,2,Out-Degree
6139,1,Out-Degree
4867,1,Out-Degree
5220,3,Out-Degree
4608,4,Out-Degree
23447,1,Out-Degree
169,4,Out-Degree
347,2,Out-Degree
45692,1,Out-Degree
8161,1,Out-Degree
1227,1,Out-Degree
13642,1,Out-Degree
2346,2,Out-Degree
2209,1,Out-Degree
1558,1,Out-Degree
163,2,Out-Degree
2630,1,Out-Degree
5554,1,Out-Degree
14293,1,Out-Degree
25400,1,Out-Degree
9715,1,Out-Degree
476,2,Out-Degree
1421,1,Out-Degree
1416,2,Out-Degree
18545,1,Out-Degree
7649,1,Out-Degree
3396,1,Out-Degree
3336,3,Out-Degree
168,1,Out-Degree
5720,1,Out-Degree
21586,1,Out-Degree
1653,1,Out-Degree
2805,4,Out-Degree
26203,1,Out-Degree
751,1,Out-Degree
253,1,Out-Degree
1897,1,Out-Degree
2250,1,Out-Degree
4085,1,Out-Degree
3824,1,Out-Degree
1564,1,Out-Degree
19559,1,Out-Degree
276,1,Out-Degree
2254,1,Out-Degree
17842,1,Out-Degree
5870,1,Out-Degree
5906,1,Out-Degree
1063,1,Out-Degree
14575,1,Out-Degree
4448,6,Out-Degree
2423,3,Out-Degree
2434,5,Out-Degree
4297,1,Out-Degree
919,1,Out-Degree
11382,1,Out-Degree
1033,1,Out-Degree
1470,2,Out-Degree
5813,1,Out-Degree
7074,1,Out-Degree
444,1,Out-Degree
1894,3,Out-Degree
15636,1,Out-Degree
6505,2,Out-Degree
3239,2,Out-Degree
5722,1,Out-Degree
25495,1,Out-Degree
20999,1,Out-Degree
8815,1,Out-Degree
445,2,Out-Degree
965,1,Out-Degree
7211,1,Out-Degree
5790,1,Out-Degree
4557,1,Out-Degree
15173,1,Out-Degree
4750,1,Out-Degree
14363,1,Out-Degree
14364,1,Out-Degree
972,1,Out-Degree
11419,1,Out-Degree
22146,1,Out-Degree
20987,1,Out-Degree
7714,1,Out-Degree
1161,1,Out-Degree
1095,2,Out-Degree
27017,1,Out-Degree
6333,2,Out-Degree
28595,3,Out-Degree
2783,2,Out-Degree
36243,1,Out-Degree
7856,1,Out-Degree
521,5,Out-Degree
3325,4,Out-Degree
16943,1,Out-Degree
2251,1,Out-Degree
3998,2,Out-Degree
9073,1,Out-Degree
7243,1,Out-Degree
1101,1,Out-Degree
42878,1,Out-Degree
35473,1,Out-Degree
185,1,Out-Degree
1611,1,Out-Degree
1757,2,Out-Degree
6556,3,Out-Degree
1017,1,Out-Degree
30468,1,Out-Degree
9211,2,Out-Degree
15288,3,Out-Degree
3613,2,Out-Degree
38347,2,Out-Degree
3265,10,Out-Degree
482,1,Out-Degree
2036,1,Out-Degree
34957,1,Out-Degree
9083,1,Out-Degree
3385,1,Out-Degree
47115,1,Out-Degree
7797,1,Out-Degree
15268,1,Out-Degree
6023,3,Out-Degree
11931,1,Out-Degree
1246,3,Out-Degree
24248,1,Out-Degree
33634,1,Out-Degree
2688,3,Out-Degree
26243,1,Out-Degree
8440,1,Out-Degree
1387,1,Out-Degree
1681,1,Out-Degree
3267,3,Out-Degree
1180,5,Out-Degree
99029,1,Out-Degree
4604,10,Out-Degree
29696,2,Out-Degree
3243,5,Out-Degree
3687,3,Out-Degree
2737,1,Out-Degree
13298,4,Out-Degree
6415,1,Out-Degree
3880,1,Out-Degree
9661,1,Out-Degree
10483,1,Out-Degree
21762,1,Out-Degree
2565,1,Out-Degree
4507,2,Out-Degree
3146,3,Out-Degree
8043,2,Out-Degree
91945,1,Out-Degree
632,1,Out-Degree
7661,1,Out-Degree
6626,1,Out-Degree
46222,1,Out-Degree
21725,1,Out-Degree
6469,2,Out-Degree
24296,1,Out-Degree
6389,1,Out-Degree
1254,1,Out-Degree
902,3,Out-Degree
12604,1,Out-Degree
6405,1,Out-Degree
34598,1,Out-Degree
6267,2,Out-Degree
6500,2,Out-Degree
24043,1,Out-Degree
311,1,Out-Degree
716,1,Out-Degree
7532,1,Out-Degree
76821,1,Out-Degree
2927,1,Out-Degree
11997,1,Out-Degree
14465,1,Out-Degree
24055,2,Out-Degree
26093,1,Out-Degree
23800,2,Out-Degree
24064,2,Out-Degree
53981,1,Out-Degree
2337,2,Out-Degree
21999,1,Out-Degree
25746,2,Out-Degree
3709,1,Out-Degree
2262,4,Out-Degree
23897,3,Out-Degree
2573,2,Out-Degree
4441,3,Out-Degree
282,2,Out-Degree
552,1,Out-Degree
4480,4,Out-Degree
28545,1,Out-Degree
333,1,Out-Degree
96790,1,Out-Degree
8235,2,Out-Degree
7968,1,Out-Degree
5650,2,Out-Degree
1108,2,Out-Degree
17818,1,Out-Degree
1423,1,Out-Degree
6326,1,Out-Degree
15762,1,Out-Degree
84,2,Out-Degree
715,2,Out-Degree
324,1,Out-Degree
3307,1,Out-Degree
4628,2,Out-Degree
15021,2,Out-Degree
3212,1,Out-Degree
33006,1,Out-Degree
14249,1,Out-Degree
58221,1,Out-Degree
30023,1,Out-Degree
9104,3,Out-Degree
7976,2,Out-Degree
12479,2,Out-Degree
759,1,Out-Degree
7153,2,Out-Degree
4602,1,Out-Degree
7334,1,Out-Degree
7286,1,Out-Degree
29830,1,Out-Degree
11847,1,Out-Degree
37490,1,Out-Degree
7356,1,Out-Degree
10736,1,Out-Degree
4610,2,Out-Degree
1478,2,Out-Degree
24984,1,Out-Degree
2492,1,Out-Degree
12100,1,Out-Degree
4137,1,Out-Degree
14546,2,Out-Degree
14688,2,Out-Degree
33235,4,Out-Degree
14582,1,Out-Degree
1846,1,Out-Degree
4840,1,Out-Degree
8067,1,Out-Degree
2863,1,Out-Degree
364,1,Out-Degree
21196,2,Out-Degree
32427,1,Out-Degree
26535,4,Out-Degree
31744,1,Out-Degree
1693,2,Out-Degree
548,1,Out-Degree
2446,2,Out-Degree
304,4,Out-Degree
8037,2,Out-Degree
5499,1,Out-Degree
2296,2,Out-Degree
2793,5,Out-Degree
4000,1,Out-Degree
23637,2,Out-Degree
23956,1,Out-Degree
1431,1,Out-Degree
2300,1,Out-Degree
27199,1,Out-Degree
5083,1,Out-Degree
8665,1,Out-Degree
3536,3,Out-Degree
5026,1,Out-Degree
32372,1,Out-Degree
22588,1,Out-Degree
20005,1,Out-Degree
5040,1,Out-Degree
5453,1,Out-Degree
7811,1,Out-Degree
14620,1,Out-Degree
9256,1,Out-Degree
40412,4,Out-Degree
2189,6,Out-Degree
26556,1,Out-Degree
3341,1,Out-Degree
17471,1,Out-Degree
8156,1,Out-Degree
42489,1,Out-Degree
22443,1,Out-Degree
13354,1,Out-Degree
12373,1,Out-Degree
3818,1,Out-Degree
4295,1,Out-Degree
7048,1,Out-Degree
11836,1,Out-Degree
12048,1,Out-Degree
73702,1,Out-Degree
23960,1,Out-Degree
8882,1,Out-Degree
1967,1,Out-Degree
9252,5,Out-Degree
25181,1,Out-Degree
34167,1,Out-Degree
3291,1,Out-Degree
3640,1,Out-Degree
6169,2,Out-Degree
50736,1,Out-Degree
9669,1,Out-Degree
2278,1,Out-Degree
1008,1,Out-Degree
45137,1,Out-Degree
6478,1,Out-Degree
4273,4,Out-Degree
1189,5,Out-Degree
3909,3,Out-Degree
4086,1,Out-Degree
9842,1,Out-Degree
2440,1,Out-Degree
15972,1,Out-Degree
15538,1,Out-Degree
1178,1,Out-Degree
9636,2,Out-Degree
5447,1,Out-Degree
4478,2,Out-Degree
11431,1,Out-Degree
7802,1,Out-Degree
67093,1,Out-Degree
10504,1,Out-Degree
21955,1,Out-Degree
2436,1,Out-Degree
2577,3,Out-Degree
17888,1,Out-Degree
19003,1,Out-Degree
117334,1,Out-Degree
6560,1,Out-Degree
15907,1,Out-Degree
10126,1,Out-Degree
6414,1,Out-Degree
2531,4,Out-Degree
5968,2,Out-Degree
3233,1,Out-Degree
2693,5,Out-Degree
11335,1,Out-Degree
98319,2,Out-Degree
3939,1,Out-Degree
6572,2,Out-Degree
1244,1,Out-Degree
10301,2,Out-Degree
24925,1,Out-Degree
10718,2,Out-Degree
10617,1,Out-Degree
39091,2,Out-Degree
16893,2,Out-Degree
2462,3,Out-Degree
6799,1,Out-Degree
415,1,Out-Degree
3199,1,Out-Degree
22815,1,Out-Degree
18140,1,Out-Degree
27875,2,Out-Degree
97820,1,Out-Degree
21024,1,Out-Degree
39611,1,Out-Degree
24015,2,Out-Degree
2796,2,Out-Degree
1072,6,Out-Degree
9463,1,Out-Degree
50143,2,Out-Degree
3831,3,Out-Degree
13556,1,Out-Degree
14958,3,Out-Degree
2962,3,Out-Degree
5862,2,Out-Degree
5411,1,Out-Degree
36164,1,Out-Degree
10773,2,Out-Degree
15157,1,Out-Degree
8671,2,Out-Degree
254,1,Out-Degree
17981,1,Out-Degree
9961,3,Out-Degree
8172,1,Out-Degree
15539,1,Out-Degree
3876,1,Out-Degree
4509,1,Out-Degree
17817,1,Out-Degree
2619,2,Out-Degree
1775,1,Out-Degree
7448,1,Out-Degree
14699,1,Out-Degree
308,3,Out-Degree
6983,1,Out-Degree
11255,1,Out-Degree
27964,1,Out-Degree
4491,1,Out-Degree
11318,1,Out-Degree
8144,1,Out-Degree
2009,2,Out-Degree
62601,1,Out-Degree
119,2,Out-Degree
21253,2,Out-Degree
9287,1,Out-Degree
3205,1,Out-Degree
5226,2,Out-Degree
20423,4,Out-Degree
21911,1,Out-Degree
6321,1,Out-Degree
66403,1,Out-Degree
2477,2,Out-Degree
786,1,Out-Degree
18123,1,Out-Degree
21123,1,Out-Degree
12425,1,Out-Degree
5358,2,Out-Degree
16646,1,Out-Degree
26266,1,Out-Degree
6411,6,Out-Degree
2705,3,Out-Degree
3723,5,Out-Degree
12454,1,Out-Degree
6425,1,Out-Degree
1287,1,Out-Degree
14702,1,Out-Degree
20033,1,Out-Degree
6918,1,Out-Degree
1060,2,Out-Degree
3455,1,Out-Degree
3371,1,Out-Degree
22461,1,Out-Degree
22431,1,Out-Degree
7633,1,Out-Degree
15976,3,Out-Degree
12017,2,Out-Degree
4050,3,Out-Degree
5089,2,Out-Degree
50667,1,Out-Degree
63954,1,Out-Degree
21264,1,Out-Degree
11603,1,Out-Degree
38686,1,Out-Degree
10480,1,Out-Degree
1176,1,Out-Degree
3010,1,Out-Degree
8807,1,Out-Degree
20836,1,Out-Degree
28077,1,Out-Degree
1750,3,Out-Degree
2760,1,Out-Degree
8867,1,Out-Degree
9597,1,Out-Degree
25542,1,Out-Degree
12262,1,Out-Degree
4416,1,Out-Degree
10966,1,Out-Degree
3473,1,Out-Degree
7446,1,Out-Degree
3665,1,Out-Degree
19321,2,Out-Degree
12066,2,Out-Degree
20846,2,Out-Degree
2576,2,Out-Degree
24040,2,Out-Degree
8556,1,Out-Degree
3734,3,Out-Degree
8457,2,Out-Degree
593,2,Out-Degree
6952,1,Out-Degree
3793,1,Out-Degree
2976,2,Out-Degree
4462,1,Out-Degree
4101,1,Out-Degree
2221,2,Out-Degree
14595,1,Out-Degree
19147,1,Out-Degree
23913,1,Out-Degree
39570,1,Out-Degree
4383,1,Out-Degree
30469,3,Out-Degree
525,1,Out-Degree
8573,1,Out-Degree
50929,1,Out-Degree
10213,1,Out-Degree
40395,1,Out-Degree
32014,1,Out-Degree
68783,1,Out-Degree
24012,1,Out-Degree
10482,3,Out-Degree
12019,3,Out-Degree
22994,2,Out-Degree
19294,5,Out-Degree
20322,2,Out-Degree
19783,1,Out-Degree
730,8,Out-Degree
8907,1,Out-Degree
46771,1,Out-Degree
3718,2,Out-Degree
52798,1,Out-Degree
3026,1,Out-Degree
10324,1,Out-Degree
936,5,Out-Degree
4432,1,Out-Degree
4405,2,Out-Degree
20154,1,Out-Degree
86486,1,Out-Degree
50282,1,Out-Degree
12414,1,Out-Degree
24366,1,Out-Degree
1201,1,Out-Degree
4907,1,Out-Degree
6422,3,Out-Degree
1245,2,Out-Degree
1081,2,Out-Degree
21947,1,Out-Degree
33060,4,Out-Degree
28598,1,Out-Degree
24045,1,Out-Degree
6107,1,Out-Degree
24167,1,Out-Degree
17580,1,Out-Degree
35201,1,Out-Degree
21946,1,Out-Degree
36803,1,Out-Degree
6614,1,Out-Degree
12054,4,Out-Degree
9113,1,Out-Degree
2703,2,Out-Degree
4816,1,Out-Degree
26646,1,Out-Degree
21285,1,Out-Degree
1326,1,Out-Degree
19226,1,Out-Degree
45681,2,Out-Degree
1076,6,Out-Degree
3031,1,Out-Degree
2474,3,Out-Degree
23623,1,Out-Degree
12202,1,Out-Degree
856,1,Out-Degree
3554,1,Out-Degree
14601,2,Out-Degree
19849,1,Out-Degree
18533,1,Out-Degree
3571,1,Out-Degree
4284,2,Out-Degree
562,1,Out-Degree
12201,1,Out-Degree
6865,1,Out-Degree
1426,1,Out-Degree
19977,1,Out-Degree
3631,1,Out-Degree
40416,1,Out-Degree
40280,1,Out-Degree
3834,2,Out-Degree
3535,1,Out-Degree
87191,3,Out-Degree
6079,4,Out-Degree
34892,3,Out-Degree
22450,4,Out-Degree
29998,1,Out-Degree
1114,1,Out-Degree
21642,1,Out-Degree
3105,1,Out-Degree
3905,1,Out-Degree
24206,1,Out-Degree
603,2,Out-Degree
6066,5,Out-Degree
14010,1,Out-Degree
21498,1,Out-Degree
9254,2,Out-Degree
9035,1,Out-Degree
22056,1,Out-Degree
9141,1,Out-Degree
9284,1,Out-Degree
16931,2,Out-Degree
8517,1,Out-Degree
10394,1,Out-Degree
36821,3,Out-Degree
810,1,Out-Degree
15831,1,Out-Degree
31136,1,Out-Degree
25212,2,Out-Degree
3302,2,Out-Degree
7699,1,Out-Degree
6450,1,Out-Degree
1485,1,Out-Degree
3747,1,Out-Degree
41332,1,Out-Degree
21644,1,Out-Degree
1627,1,Out-Degree
3166,2,Out-Degree
12764,1,Out-Degree
26312,5,Out-Degree
6395,1,Out-Degree
1986,1,Out-Degree
29422,1,Out-Degree
21879,1,Out-Degree
1522,2,Out-Degree
838,1,Out-Degree
7484,1,Out-Degree
12554,1,Out-Degree
17989,1,Out-Degree
16120,1,Out-Degree
731,3,Out-Degree
4529,1,Out-Degree
8042,1,Out-Degree
24042,1,Out-Degree
9499,1,Out-Degree
1839,1,Out-Degree
2740,6,Out-Degree
27241,1,Out-Degree
72991,1,Out-Degree
71623,1,Out-Degree
9471,1,Out-Degree
20213,1,Out-Degree
3862,1,Out-Degree
798,1,Out-Degree
11720,2,Out-Degree
920,3,Out-Degree
3172,2,Out-Degree
24593,1,Out-Degree
25683,1,Out-Degree
50080,1,Out-Degree
13462,1,Out-Degree
3539,1,Out-Degree
7,1,Out-Degree
27804,1,Out-Degree
12239,1,Out-Degree
9885,1,Out-Degree
2671,2,Out-Degree
30954,1,Out-Degree
17835,1,Out-Degree
28811,1,Out-Degree
19262,1,Out-Degree
6183,1,Out-Degree
25720,1,Out-Degree
17200,1,Out-Degree
28385,1,Out-Degree
35642,1,Out-Degree
6945,2,Out-Degree
8018,1,Out-Degree
26642,1,Out-Degree
2438,1,Out-Degree
10586,1,Out-Degree
27745,1,Out-Degree
5227,1,Out-Degree
6152,1,Out-Degree
1503,2,Out-Degree
30577,1,Out-Degree
29109,3,Out-Degree
13017,4,Out-Degree
27987,1,Out-Degree
1521,4,Out-Degree
19945,1,Out-Degree
31529,1,Out-Degree
31766,1,Out-Degree
7844,1,Out-Degree
7002,2,Out-Degree
23820,1,Out-Degree
7634,1,Out-Degree
1216,1,Out-Degree
7443,1,Out-Degree
9782,2,Out-Degree
4467,4,Out-Degree
20616,1,Out-Degree
26986,1,Out-Degree
14018,1,Out-Degree
1434,2,Out-Degree
42819,1,Out-Degree
4458,1,Out-Degree
25687,1,Out-Degree
6629,1,Out-Degree
626,1,Out-Degree
21023,1,Out-Degree
2659,1,Out-Degree
31048,5,Out-Degree
24175,1,Out-Degree
19323,1,Out-Degree
11474,1,Out-Degree
13838,1,Out-Degree
30522,1,Out-Degree
45229,2,Out-Degree
14154,2,Out-Degree
8304,2,Out-Degree
27736,1,Out-Degree
19596,1,Out-Degree
9783,1,Out-Degree
4094,1,Out-Degree
3911,2,Out-Degree
11560,1,Out-Degree
3764,1,Out-Degree
23530,1,Out-Degree
37946,1,Out-Degree
1766,1,Out-Degree
39798,2,Out-Degree
27926,1,Out-Degree
326,2,Out-Degree
3395,1,Out-Degree
44139,1,Out-Degree
3751,1,Out-Degree
4380,1,Out-Degree
4494,3,Out-Degree
4406,1,Out-Degree
2890,1,Out-Degree
21093,1,Out-Degree
118304,1,Out-Degree
4479,1,Out-Degree
20128,1,Out-Degree
468,1,Out-Degree
14270,1,Out-Degree
2952,1,Out-Degree
20102,1,Out-Degree
2466,1,Out-Degree
530,1,Out-Degree
119016,1,Out-Degree
19598,1,Out-Degree
27235,1,Out-Degree
4668,1,Out-Degree
20035,2,Out-Degree
2028,1,Out-Degree
30144,2,Out-Degree
30228,1,Out-Degree
37693,1,Out-Degree
3724,1,Out-Degree
28759,1,Out-Degree
18689,1,Out-Degree
18214,1,Out-Degree
24768,2,Out-Degree
1533,2,Out-Degree
7178,2,Out-Degree
74889,1,Out-Degree
24116,1,Out-Degree
23895,1,Out-Degree
502,1,Out-Degree
9130,1,Out-Degree
53518,1,Out-Degree
18081,1,Out-Degree
12435,4,Out-Degree
709,1,Out-Degree
23922,1,Out-Degree
6265,1,Out-Degree
50464,1,Out-Degree
24133,1,Out-Degree
23984,1,Out-Degree
25248,1,Out-Degree
4153,1,Out-Degree
10690,2,Out-Degree
4687,1,Out-Degree
3999,1,Out-Degree
3011,1,Out-Degree
12429,1,Out-Degree
5496,1,Out-Degree
27039,2,Out-Degree
45417,1,Out-Degree
14623,1,Out-Degree
31188,1,Out-Degree
22691,2,Out-Degree
6441,2,Out-Degree
3406,2,Out-Degree
2068,1,Out-Degree
4892,1,Out-Degree
10850,2,Out-Degree
9250,1,Out-Degree
3691,2,Out-Degree
12208,1,Out-Degree
27133,2,Out-Degree
967,4,Out-Degree
7252,1,Out-Degree
1124,2,Out-Degree
2775,1,Out-Degree
28433,1,Out-Degree
3189,1,Out-Degree
702,1,Out-Degree
1062,2,Out-Degree
114296,1,Out-Degree
1134,1,Out-Degree
5215,1,Out-Degree
8701,1,Out-Degree
14731,1,Out-Degree
6055,1,Out-Degree
32409,1,Out-Degree
21643,2,Out-Degree
20098,2,Out-Degree
18345,1,Out-Degree
4444,3,Out-Degree
4947,5,Out-Degree
29622,1,Out-Degree
4883,1,Out-Degree
3811,1,Out-Degree
19148,1,Out-Degree
29077,1,Out-Degree
4394,1,Out-Degree
17959,1,Out-Degree
2741,2,Out-Degree
29707,1,Out-Degree
70853,2,Out-Degree
68204,1,Out-Degree
3886,1,Out-Degree
48044,1,Out-Degree
66510,1,Out-Degree
16768,1,Out-Degree
32035,1,Out-Degree
43580,1,Out-Degree
3776,1,Out-Degree
22891,6,Out-Degree
9849,3,Out-Degree
31176,3,Out-Degree
4677,1,Out-Degree
7037,1,Out-Degree
3183,1,Out-Degree
25320,1,Out-Degree
18603,1,Out-Degree
6128,1,Out-Degree
21588,1,Out-Degree
5539,1,Out-Degree
2196,1,Out-Degree
68641,1,Out-Degree
7392,1,Out-Degree
38843,1,Out-Degree
1382,1,Out-Degree
126,1,Out-Degree
33028,1,Out-Degree
1606,1,Out-Degree
854,1,Out-Degree
5575,1,Out-Degree
3405,1,Out-Degree
29641,1,Out-Degree
7220,1,Out-Degree
24672,1,Out-Degree
2261,1,Out-Degree
65544,1,Out-Degree
87573,1,Out-Degree
10870,1,Out-Degree
9265,1,Out-Degree
8565,1,Out-Degree
2449,1,Out-Degree
10948,2,Out-Degree
19306,1,Out-Degree
5859,1,Out-Degree
30938,2,Out-Degree
21744,1,Out-Degree
10540,5,Out-Degree
3729,2,Out-Degree
33854,4,Out-Degree
52352,2,Out-Degree
2964,5,Out-Degree
25877,2,Out-Degree
6696,1,Out-Degree
4565,1,Out-Degree
1299,1,Out-Degree
20591,1,Out-Degree
116019,1,Out-Degree
7179,1,Out-Degree
7204,1,Out-Degree
7039,2,Out-Degree
42394,2,Out-Degree
4277,2,Out-Degree
6994,2,Out-Degree
4585,1,Out-Degree
3274,1,Out-Degree
7752,1,Out-Degree
27968,1,Out-Degree
7609,4,Out-Degree
5568,3,Out-Degree
1703,1,Out-Degree
1009,1,Out-Degree
11921,1,Out-Degree
3688,1,Out-Degree
16909,1,Out-Degree
6699,3,Out-Degree
3892,1,Out-Degree
3785,1,Out-Degree
31103,1,Out-Degree
572,1,Out-Degree
11130,2,Out-Degree
3936,3,Out-Degree
12076,1,Out-Degree
5494,1,Out-Degree
4310,1,Out-Degree
9744,1,Out-Degree
121,1,Out-Degree
35544,1,Out-Degree
19964,1,Out-Degree
3456,1,Out-Degree
892,1,Out-Degree
52881,1,Out-Degree
2478,1,Out-Degree
93129,1,Out-Degree
60709,1,Out-Degree
23649,1,Out-Degree
8991,3,Out-Degree
10711,1,Out-Degree
5726,1,Out-Degree
27915,1,Out-Degree
60065,1,Out-Degree
8146,2,Out-Degree
40683,1,Out-Degree
134,1,Out-Degree
5370,1,Out-Degree
2286,1,Out-Degree
18303,2,Out-Degree
90056,1,Out-Degree
34152,2,Out-Degree
2742,3,Out-Degree
36295,1,Out-Degree
11466,2,Out-Degree
35689,2,Out-Degree
40353,1,Out-Degree
15310,3,Out-Degree
20432,1,Out-Degree
8031,2,Out-Degree
4426,2,Out-Degree
2687,1,Out-Degree
6080,4,Out-Degree
13312,1,Out-Degree
31394,1,Out-Degree
2511,1,Out-Degree
13644,1,Out-Degree
18872,1,Out-Degree
711,1,Out-Degree
9486,2,Out-Degree
52349,1,Out-Degree
24202,2,Out-Degree
5391,1,Out-Degree
96640,1,Out-Degree
21637,1,Out-Degree
39066,1,Out-Degree
31007,2,Out-Degree
4326,1,Out-Degree
12439,3,Out-Degree
3706,2,Out-Degree
36521,1,Out-Degree
94649,1,Out-Degree
18377,1,Out-Degree
2815,1,Out-Degree
2156,1,Out-Degree
2471,1,Out-Degree
2273,1,Out-Degree
26641,2,Out-Degree
12442,4,Out-Degree
14814,1,Out-Degree
42854,1,Out-Degree
830,2,Out-Degree
8733,1,Out-Degree
7394,1,Out-Degree
7130,1,Out-Degree
41104,2,Out-Degree
39677,1,Out-Degree
37758,1,Out-Degree
4483,1,Out-Degree
8850,1,Out-Degree
6753,1,Out-Degree
4185,1,Out-Degree
81630,1,Out-Degree
104870,1,Out-Degree
1467,2,Out-Degree
39974,1,Out-Degree
19968,4,Out-Degree
21520,1,Out-Degree
12331,1,Out-Degree
9526,1,Out-Degree
7090,1,Out-Degree
6081,8,Out-Degree
32220,1,Out-Degree
853,1,Out-Degree
19799,1,Out-Degree
8886,2,Out-Degree
21903,1,Out-Degree
58799,1,Out-Degree
21951,1,Out-Degree
40435,1,Out-Degree
31531,1,Out-Degree
32246,1,Out-Degree
9644,2,Out-Degree
12378,1,Out-Degree
21270,1,Out-Degree
1257,1,Out-Degree
31300,1,Out-Degree
2385,1,Out-Degree
31425,1,Out-Degree
3647,3,Out-Degree
1436,3,Out-Degree
41629,1,Out-Degree
4004,2,Out-Degree
38541,1,Out-Degree
37358,1,Out-Degree
5090,1,Out-Degree
24078,4,Out-Degree
2963,1,Out-Degree
11407,1,Out-Degree
59650,1,Out-Degree
19634,1,Out-Degree
14555,1,Out-Degree
8553,1,Out-Degree
38698,1,Out-Degree
12277,1,Out-Degree
6423,1,Out-Degree
32103,1,Out-Degree
22344,1,Out-Degree
28036,1,Out-Degree
72053,1,Out-Degree
40125,1,Out-Degree
9652,1,Out-Degree
10003,1,Out-Degree
36596,2,Out-Degree
22020,1,Out-Degree
65904,1,Out-Degree
23463,1,Out-Degree
11344,1,Out-Degree
20242,1,Out-Degree
17836,1,Out-Degree
20149,2,Out-Degree
13306,1,Out-Degree
34909,2,Out-Degree
10694,2,Out-Degree
39290,1,Out-Degree
34936,1,Out-Degree
5572,1,Out-Degree
30601,1,Out-Degree
14082,2,Out-Degree
11092,1,Out-Degree
1112,4,Out-Degree
2067,1,Out-Degree
56435,1,Out-Degree
5852,1,Out-Degree
13647,1,Out-Degree
38640,1,Out-Degree
1402,1,Out-Degree
4427,1,Out-Degree
75098,1,Out-Degree
27864,1,Out-Degree
25764,1,Out-Degree
8141,1,Out-Degree
21272,1,Out-Degree
6335,1,Out-Degree
12935,2,Out-Degree
78193,2,Out-Degree
15138,1,Out-Degree
3733,3,Out-Degree
2699,1,Out-Degree
6412,2,Out-Degree
20835,2,Out-Degree
11127,2,Out-Degree
14589,4,Out-Degree
11135,2,Out-Degree
2439,3,Out-Degree
12045,4,Out-Degree
25910,1,Out-Degree
31946,1,Out-Degree
6432,3,Out-Degree
84569,2,Out-Degree
6407,1,Out-Degree
2696,2,Out-Degree
4057,1,Out-Degree
6436,3,Out-Degree
13278,2,Out-Degree
14809,2,Out-Degree
13366,1,Out-Degree
4171,1,Out-Degree
2549,1,Out-Degree
8687,1,Out-Degree
113042,1,Out-Degree
17130,1,Out-Degree
35722,1,Out-Degree
11107,1,Out-Degree
82586,3,Out-Degree
12042,1,Out-Degree
1424,1,Out-Degree
65987,1,Out-Degree
22810,1,Out-Degree
22353,3,Out-Degree
23110,1,Out-Degree
11748,1,Out-Degree
11123,1,Out-Degree
40055,1,Out-Degree
5287,2,Out-Degree
5268,1,Out-Degree
15121,2,Out-Degree
120552,2,Out-Degree
49352,1,Out-Degree
12444,2,Out-Degree
14064,2,Out-Degree
84865,1,Out-Degree
82969,2,Out-Degree
27500,1,Out-Degree
6402,1,Out-Degree
6413,1,Out-Degree
4812,1,Out-Degree
22822,1,Out-Degree
32017,1,Out-Degree
9229,1,Out-Degree
44671,1,Out-Degree
5592,1,Out-Degree
14611,1,Out-Degree
30040,1,Out-Degree
3736,2,Out-Degree
31521,1,Out-Degree
589,3,Out-Degree
6882,1,Out-Degree
7766,1,Out-Degree
4363,4,Out-Degree
11422,1,Out-Degree
6373,1,Out-Degree
12417,1,Out-Degree
26598,1,Out-Degree
10004,1,Out-Degree
34423,1,Out-Degree
22177,1,Out-Degree
24047,1,Out-Degree
12697,3,Out-Degree
1799,1,Out-Degree
28971,2,Out-Degree
616,1,Out-Degree
4298,1,Out-Degree
13237,1,Out-Degree
22555,1,Out-Degree
171,3,Out-Degree
32883,1,Out-Degree
30238,1,Out-Degree
37357,1,Out-Degree
23898,1,Out-Degree
59877,1,Out-Degree
24205,1,Out-Degree
24113,1,Out-Degree
30857,1,Out-Degree
3258,3,Out-Degree
71128,1,Out-Degree
5776,1,Out-Degree
26462,1,Out-Degree
40403,1,Out-Degree
5155,1,Out-Degree
51511,1,Out-Degree
49590,1,Out-Degree
8490,1,Out-Degree
27319,1,Out-Degree
24137,1,Out-Degree
14792,2,Out-Degree
24920,1,Out-Degree
5363,1,Out-Degree
63622,4,Out-Degree
25451,1,Out-Degree
3349,3,Out-Degree
2712,1,Out-Degree
2149,1,Out-Degree
14104,2,Out-Degree
70730,1,Out-Degree
24111,1,Out-Degree
35157,1,Out-Degree
9776,1,Out-Degree
62634,1,Out-Degree
8516,1,Out-Degree
1534,1,Out-Degree
2323,1,Out-Degree
772,1,Out-Degree
9477,1,Out-Degree
1251,2,Out-Degree
12383,1,Out-Degree
3332,2,Out-Degree
23828,1,Out-Degree
2293,1,Out-Degree
1264,1,Out-Degree
56617,1,Out-Degree
12524,1,Out-Degree
51385,1,Out-Degree
26269,1,Out-Degree
49831,1,Out-Degree
89222,1,Out-Degree
26130,1,Out-Degree
46504,1,Out-Degree
27818,5,Out-Degree
12302,1,Out-Degree
37669,1,Out-Degree
49342,1,Out-Degree
2463,1,Out-Degree
23764,1,Out-Degree
20778,1,Out-Degree
1075,4,Out-Degree
4864,1,Out-Degree
46017,1,Out-Degree
46627,1,Out-Degree
47401,1,Out-Degree
78477,1,Out-Degree
13504,1,Out-Degree
46660,1,Out-Degree
19218,1,Out-Degree
4814,1,Out-Degree
40591,1,Out-Degree
9760,1,Out-Degree
64276,1,Out-Degree
39847,1,Out-Degree
14078,1,Out-Degree
10774,2,Out-Degree
71638,1,Out-Degree
5925,1,Out-Degree
45654,1,Out-Degree
45291,1,Out-Degree
6673,2,Out-Degree
19605,1,Out-Degree
8835,1,Out-Degree
11128,2,Out-Degree
24553,1,Out-Degree
26726,1,Out-Degree
1267,1,Out-Degree
20115,1,Out-Degree
8838,1,Out-Degree
1391,1,Out-Degree
14571,1,Out-Degree
6429,1,Out-Degree
44065,1,Out-Degree
23667,1,Out-Degree
3938,1,Out-Degree
9103,1,Out-Degree
89417,4,Out-Degree
3514,1,Out-Degree
6996,1,Out-Degree
54443,1,Out-Degree
7242,1,Out-Degree
7972,1,Out-Degree
23808,1,Out-Degree
2279,1,Out-Degree
15974,2,Out-Degree
9156,1,Out-Degree
82566,2,Out-Degree
61388,1,Out-Degree
6930,1,Out-Degree
10688,2,Out-Degree
41004,5,Out-Degree
34004,5,Out-Degree
74869,1,Out-Degree
66237,1,Out-Degree
9687,1,Out-Degree
23546,1,Out-Degree
4128,1,Out-Degree
89169,3,Out-Degree
12392,1,Out-Degree
7057,1,Out-Degree
6347,1,Out-Degree
2978,1,Out-Degree
1242,1,Out-Degree
12043,1,Out-Degree
32637,1,Out-Degree
13640,2,Out-Degree
37947,1,Out-Degree
6922,1,Out-Degree
18074,1,Out-Degree
13186,1,Out-Degree
27107,1,Out-Degree
27236,2,Out-Degree
10695,6,Out-Degree
66628,1,Out-Degree
66631,1,Out-Degree
3841,2,Out-Degree
12555,1,Out-Degree
11250,1,Out-Degree
11282,1,Out-Degree
30623,2,Out-Degree
39883,1,Out-Degree
50897,1,Out-Degree
3846,1,Out-Degree
69518,1,Out-Degree
47833,1,Out-Degree
46799,1,Out-Degree
2729,1,Out-Degree
16040,1,Out-Degree
12418,1,Out-Degree
69476,1,Out-Degree
29727,1,Out-Degree
17741,1,Out-Degree
14396,1,Out-Degree
86285,2,Out-Degree
14105,1,Out-Degree
16145,1,Out-Degree
20093,1,Out-Degree
27239,4,Out-Degree
87464,1,Out-Degree
32287,1,Out-Degree
34998,1,Out-Degree
27249,1,Out-Degree
1291,1,Out-Degree
87653,2,Out-Degree
32474,4,Out-Degree
24332,1,Out-Degree
66625,1,Out-Degree
32475,1,Out-Degree
24009,2,Out-Degree
7964,2,Out-Degree
27204,2,Out-Degree
30457,3,Out-Degree
74675,1,Out-Degree
88486,1,Out-Degree
6684,1,Out-Degree
27774,1,Out-Degree
15265,1,Out-Degree
8580,1,Out-Degree
6000,1,Out-Degree
15150,1,Out-Degree
22161,1,Out-Degree
20962,1,Out-Degree
6131,3,Out-Degree
38300,2,Out-Degree
88516,2,Out-Degree
89150,2,Out-Degree
62307,2,Out-Degree
42134,1,Out-Degree
88488,1,Out-Degree
30697,2,Out-Degree
97502,1,Out-Degree
3209,1,Out-Degree
50819,1,Out-Degree
3884,1,Out-Degree
6883,1,Out-Degree
10625,1,Out-Degree
37559,1,Out-Degree
15151,1,Out-Degree
2710,1,Out-Degree
34890,5,Out-Degree
6316,1,Out-Degree
74582,1,Out-Degree
36558,1,Out-Degree
4286,1,Out-Degree
26358,1,Out-Degree
58098,1,Out-Degree
34826,1,Out-Degree
5036,1,Out-Degree
56331,3,Out-Degree
87721,1,Out-Degree
88512,1,Out-Degree
92739,1,Out-Degree
20116,1,Out-Degree
34632,1,Out-Degree
9267,1,Out-Degree
18915,1,Out-Degree
6363,1,Out-Degree
17250,1,Out-Degree
26459,2,Out-Degree
64611,1,Out-Degree
93852,1,Out-Degree
51921,1,Out-Degree
4506,1,Out-Degree
12860,1,Out-Degree
33610,1,Out-Degree
94707,1,Out-Degree
27395,1,Out-Degree
44006,1,Out-Degree
20697,2,Out-Degree
45290,1,Out-Degree
55454,1,Out-Degree
2324,1,Out-Degree
9249,1,Out-Degree
10496,1,Out-Degree
95849,1,Out-Degree
6898,1,Out-Degree
8189,2,Out-Degree
89217,2,Out-Degree
33163,1,Out-Degree
20070,1,Out-Degree
3532,2,Out-Degree
33141,1,Out-Degree
44273,1,Out-Degree
16239,1,Out-Degree
81411,1,Out-Degree
13473,1,Out-Degree
10157,1,Out-Degree
81149,1,Out-Degree
99594,1,Out-Degree
7077,1,Out-Degree
42972,1,Out-Degree
1771,1,Out-Degree
4081,1,Out-Degree
98863,1,Out-Degree
6949,1,Out-Degree
99210,1,Out-Degree
24839,1,Out-Degree
14111,1,Out-Degree
51517,1,Out-Degree
8832,1,Out-Degree
20251,2,Out-Degree
6912,2,Out-Degree
60070,1,Out-Degree
91994,3,Out-Degree
62269,1,Out-Degree
65902,1,Out-Degree
98591,1,Out-Degree
21545,1,Out-Degree
15447,1,Out-Degree
928,1,Out-Degree
95319,1,Out-Degree
21218,1,Out-Degree
9102,1,Out-Degree
96160,1,Out-Degree
1655,2,Out-Degree
94189,1,Out-Degree
24177,1,Out-Degree
22544,1,Out-Degree
18263,1,Out-Degree
103695,2,Out-Degree
15299,1,Out-Degree
32981,1,Out-Degree
32976,1,Out-Degree
71646,2,Out-Degree
20837,1,Out-Degree
10090,1,Out-Degree
31029,1,Out-Degree
83891,1,Out-Degree
6119,1,Out-Degree
38274,1,Out-Degree
7210,1,Out-Degree
10788,1,Out-Degree
5548,1,Out-Degree
21515,1,Out-Degree
25593,1,Out-Degree
2972,1,Out-Degree
3545,1,Out-Degree
10422,1,Out-Degree
13910,1,Out-Degree
1420,2,Out-Degree
23332,1,Out-Degree
30607,1,Out-Degree
65705,1,Out-Degree
101668,1,Out-Degree
26594,1,Out-Degree
44011,1,Out-Degree
100983,1,Out-Degree
17499,4,Out-Degree
31442,1,Out-Degree
84879,1,Out-Degree
35135,1,Out-Degree
83108,1,Out-Degree
8335,1,Out-Degree
1414,1,Out-Degree
72724,1,Out-Degree
8401,1,Out-Degree
12964,1,Out-Degree
26013,2,Out-Degree
7390,1,Out-Degree
88306,1,Out-Degree
17479,1,Out-Degree
118991,1,Out-Degree
2016,1,Out-Degree
21678,1,Out-Degree
6880,1,Out-Degree
22805,1,Out-Degree
